sample_id,dataset,dataset_type,cloud_coverage_pct,mean_luminance,mean_transmission,best_lambda_asm,asm_min,asm_max,best_lambda_rte,rte_min,rte_max,best_noise_std,best_lambda_tv,best_lambda_ndvi,best_lambda_t_prior,best_learning_rate,recommended_iters
0,RICE1,RICE-1 (Thin Cloud / Hazy Translucent Layer),100.0,0.5073,0.6371,0.5449,0.3814,0.7084,0.02,0.012,0.03,0.017,0.00012,0.0534,0.15,0.005,350
1,RICE1,RICE-1 (Thin Cloud / Hazy Translucent Layer),99.48,0.484,0.6459,0.5405,0.3783,0.7026,0.02,0.012,0.03,0.017,0.00012,0.0534,0.15,0.005,350
2,RICE1,RICE-1 (Thin Cloud / Hazy Translucent Layer),99.45,0.4959,0.6463,0.5423,0.3796,0.705,0.02,0.012,0.03,0.017,0.00012,0.0534,0.15,0.005,350
3,RICE1,RICE-1 (Thin Cloud / Hazy Translucent Layer),100.0,0.5168,0.6289,0.5471,0.383,0.7112,0.02,0.012,0.03,0.017,0.00012,0.0534,0.15,0.005,350
4,RICE1,RICE-1 (Thin Cloud / Hazy Translucent Layer),99.91,0.5265,0.6171,0.5498,0.3849,0.7147,0.02,0.012,0.03,0.017,0.00012,0.0534,0.15,0.005,350
5,RICE1,RICE-1 (Thin Cloud / Hazy Translucent Layer),100.0,0.5197,0.6265,0.5478,0.3835,0.7121,0.02,0.012,0.03,0.017,0.00012,0.0534,0.15,0.005,350
6,RICE1,RICE-1 (Thin Cloud / Hazy Translucent Layer),99.9,0.4938,0.6417,0.5424,0.3797,0.7051,0.02,0.012,0.03,0.017,0.00012,0.0534,0.15,0.005,350
7,RICE1,RICE-1 (Thin Cloud / Hazy Translucent Layer),98.57,0.4905,0.6506,0.541,0.3787,0.7033,0.02,0.012,0.03,0.0169,0.00012,0.0534,0.149,0.005,350
8,RICE1,RICE-1 (Thin Cloud / Hazy Translucent Layer),94.44,0.4929,0.6514,0.5413,0.3789,0.7037,0.02,0.012,0.03,0.0167,0.00012,0.0534,0.147,0.005,350
9,RICE1,RICE-1 (Thin Cloud / Hazy Translucent Layer),99.01,0.506,0.643,0.5441,0.3809,0.7073,0.02,0.012,0.03,0.017,0.00012,0.0534,0.15,0.005,350
10,RICE1,RICE-1 (Thin Cloud / Hazy Translucent Layer),100.0,0.5238,0.6271,0.5484,0.3839,0.7129,0.02,0.012,0.03,0.017,0.00012,0.0533,0.15,0.005,350
11,RICE1,RICE-1 (Thin Cloud / Hazy Translucent Layer),99.29,0.5083,0.6318,0.5456,0.3819,0.7093,0.02,0.012,0.03,0.017,0.00012,0.0534,0.15,0.005,350
12,RICE1,RICE-1 (Thin Cloud / Hazy Translucent Layer),99.43,0.5058,0.6436,0.544,0.3808,0.7072,0.02,0.012,0.03,0.017,0.00012,0.0535,0.15,0.005,350
13,RICE1,RICE-1 (Thin Cloud / Hazy Translucent Layer),99.49,0.5164,0.6311,0.5469,0.3828,0.711,0.02,0.012,0.03,0.017,0.00012,0.0535,0.15,0.005,350
14,RICE1,RICE-1 (Thin Cloud / Hazy Translucent Layer),100.0,0.536,0.6114,0.5518,0.3863,0.7173,0.02,0.012,0.03,0.017,0.00012,0.0533,0.15,0.005,350
15,RICE1,RICE-1 (Thin Cloud / Hazy Translucent Layer),100.0,0.4991,0.6444,0.5429,0.38,0.7058,0.02,0.012,0.03,0.017,0.00012,0.0535,0.15,0.005,350
16,RICE1,RICE-1 (Thin Cloud / Hazy Translucent Layer),100.0,0.5034,0.6335,0.5447,0.3813,0.7081,0.02,0.012,0.03,0.017,0.00012,0.0535,0.15,0.005,350
17,RICE1,RICE-1 (Thin Cloud / Hazy Translucent Layer),99.62,0.4747,0.6516,0.5385,0.3769,0.7,0.02,0.012,0.03,0.017,0.00012,0.0535,0.15,0.005,350
18,RICE1,RICE-1 (Thin Cloud / Hazy Translucent Layer),94.67,0.4986,0.6502,0.5423,0.3796,0.705,0.02,0.012,0.03,0.0167,0.00012,0.0532,0.147,0.005,350
19,RICE1,RICE-1 (Thin Cloud / Hazy Translucent Layer),97.7,0.537,0.6253,0.5505,0.3853,0.7157,0.02,0.012,0.03,0.0169,0.00012,0.0531,0.149,0.005,350
20,RICE1,RICE-1 (Thin Cloud / Hazy Translucent Layer),99.91,0.5339,0.6188,0.5507,0.3855,0.7159,0.02,0.012,0.03,0.017,0.00012,0.0532,0.15,0.005,350
21,RICE1,RICE-1 (Thin Cloud / Hazy Translucent Layer),95.42,0.4911,0.6507,0.5411,0.3788,0.7034,0.02,0.012,0.03,0.0168,0.00012,0.0535,0.148,0.005,350
22,RICE1,RICE-1 (Thin Cloud / Hazy Translucent Layer),91.0,0.4878,0.6565,0.54,0.378,0.702,0.02,0.012,0.03,0.0166,0.00012,0.0535,0.146,0.005,350
23,RICE1,RICE-1 (Thin Cloud / Hazy Translucent Layer),99.61,0.5028,0.6355,0.5444,0.3811,0.7077,0.02,0.012,0.03,0.017,0.00012,0.0534,0.15,0.005,350
24,RICE1,RICE-1 (Thin Cloud / Hazy Translucent Layer),99.47,0.5079,0.6356,0.5451,0.3816,0.7086,0.02,0.012,0.03,0.017,0.00012,0.0535,0.15,0.005,350
25,RICE1,RICE-1 (Thin Cloud / Hazy Translucent Layer),100.0,0.517,0.6256,0.5475,0.3832,0.7117,0.02,0.012,0.03,0.017,0.00012,0.0535,0.15,0.005,350
26,RICE1,RICE-1 (Thin Cloud / Hazy Translucent Layer),100.0,0.5124,0.6249,0.5469,0.3828,0.711,0.02,0.012,0.03,0.017,0.00012,0.0534,0.15,0.005,350
27,RICE1,RICE-1 (Thin Cloud / Hazy Translucent Layer),85.17,0.492,0.6585,0.5404,0.3783,0.7025,0.02,0.012,0.03,0.0163,0.00012,0.0531,0.143,0.005,350
28,RICE1,RICE-1 (Thin Cloud / Hazy Translucent Layer),95.11,0.5078,0.6481,0.5439,0.3807,0.7071,0.02,0.012,0.03,0.0168,0.00012,0.053,0.148,0.005,350
29,RICE1,RICE-1 (Thin Cloud / Hazy Translucent Layer),97.71,0.4918,0.6518,0.5411,0.3788,0.7034,0.02,0.012,0.03,0.0169,0.00012,0.0532,0.149,0.005,350
30,RICE1,RICE-1 (Thin Cloud / Hazy Translucent Layer),97.01,0.5007,0.6427,0.5433,0.3803,0.7063,0.02,0.012,0.03,0.0169,0.00012,0.0533,0.149,0.005,350
31,RICE1,RICE-1 (Thin Cloud / Hazy Translucent Layer),91.67,0.478,0.6575,0.5385,0.3769,0.7,0.02,0.012,0.03,0.0166,0.00012,0.0534,0.146,0.005,350
32,RICE1,RICE-1 (Thin Cloud / Hazy Translucent Layer),96.42,0.5069,0.6428,0.5443,0.381,0.7076,0.02,0.012,0.03,0.0168,0.00012,0.0533,0.148,0.005,350
33,RICE1,RICE-1 (Thin Cloud / Hazy Translucent Layer),97.89,0.5006,0.643,0.5433,0.3803,0.7063,0.02,0.012,0.03,0.0169,0.00012,0.0535,0.149,0.005,350
34,RICE1,RICE-1 (Thin Cloud / Hazy Translucent Layer),100.0,0.5133,0.6247,0.547,0.3829,0.7111,0.02,0.012,0.03,0.017,0.00012,0.0535,0.15,0.005,350
35,RICE1,RICE-1 (Thin Cloud / Hazy Translucent Layer),100.0,0.5283,0.6061,0.5511,0.3858,0.7164,0.02,0.012,0.03,0.017,0.00012,0.0534,0.15,0.005,350
36,RICE1,RICE-1 (Thin Cloud / Hazy Translucent Layer),51.49,0.444,0.7009,0.5299,0.3709,0.6889,0.02,0.012,0.03,0.0146,0.00012,0.0532,0.126,0.005,350
37,RICE1,RICE-1 (Thin Cloud / Hazy Translucent Layer),65.94,0.4591,0.6813,0.5332,0.3732,0.6932,0.02,0.012,0.03,0.0153,0.00012,0.0532,0.133,0.005,350
38,RICE1,RICE-1 (Thin Cloud / Hazy Translucent Layer),95.43,0.501,0.647,0.543,0.3801,0.7059,0.02,0.012,0.03,0.0168,0.00012,0.053,0.148,0.005,350
39,RICE1,RICE-1 (Thin Cloud / Hazy Translucent Layer),93.05,0.4921,0.6507,0.5413,0.3789,0.7037,0.02,0.012,0.03,0.0167,0.00012,0.0533,0.147,0.005,350
40,RICE1,RICE-1 (Thin Cloud / Hazy Translucent Layer),90.3,0.4988,0.6412,0.5432,0.3802,0.7062,0.02,0.012,0.03,0.0165,0.00012,0.0532,0.145,0.005,350
41,RICE1,RICE-1 (Thin Cloud / Hazy Translucent Layer),79.13,0.4861,0.6558,0.5398,0.3779,0.7017,0.02,0.012,0.03,0.016,0.00012,0.0532,0.14,0.005,350
42,RICE1,RICE-1 (Thin Cloud / Hazy Translucent Layer),97.14,0.5085,0.6425,0.5445,0.3811,0.7078,0.02,0.012,0.03,0.0169,0.00012,0.0535,0.149,0.005,350
43,RICE1,RICE-1 (Thin Cloud / Hazy Translucent Layer),99.26,0.5217,0.6255,0.5482,0.3837,0.7127,0.02,0.012,0.03,0.017,0.00012,0.0535,0.15,0.005,350
44,RICE1,RICE-1 (Thin Cloud / Hazy Translucent Layer),100.0,0.5352,0.6034,0.5524,0.3867,0.7181,0.02,0.012,0.03,0.017,0.00012,0.0534,0.15,0.005,350
45,RICE1,RICE-1 (Thin Cloud / Hazy Translucent Layer),47.25,0.4401,0.7082,0.5292,0.3704,0.688,0.02,0.012,0.03,0.0144,0.00012,0.0533,0.124,0.005,350
46,RICE1,RICE-1 (Thin Cloud / Hazy Translucent Layer),42.97,0.4454,0.7085,0.5292,0.3704,0.688,0.02,0.012,0.03,0.0141,0.00012,0.0533,0.121,0.005,350
47,RICE1,RICE-1 (Thin Cloud / Hazy Translucent Layer),70.29,0.4935,0.6657,0.54,0.378,0.702,0.02,0.012,0.03,0.0155,0.00012,0.0532,0.135,0.005,350
48,RICE1,RICE-1 (Thin Cloud / Hazy Translucent Layer),62.61,0.4577,0.6822,0.5329,0.373,0.6928,0.02,0.012,0.03,0.0151,0.00012,0.0533,0.131,0.005,350
49,RICE1,RICE-1 (Thin Cloud / Hazy Translucent Layer),77.59,0.4815,0.6634,0.5384,0.3769,0.6999,0.02,0.012,0.03,0.0159,0.00012,0.0532,0.139,0.005,350
50,RICE1,RICE-1 (Thin Cloud / Hazy Translucent Layer),77.77,0.4652,0.6719,0.5351,0.3746,0.6956,0.02,0.012,0.03,0.0159,0.00012,0.0532,0.139,0.005,350
51,RICE1,RICE-1 (Thin Cloud / Hazy Translucent Layer),90.26,0.4939,0.6567,0.5409,0.3786,0.7032,0.02,0.012,0.03,0.0165,0.00012,0.0533,0.145,0.005,350
52,RICE1,RICE-1 (Thin Cloud / Hazy Translucent Layer),85.81,0.4703,0.674,0.5356,0.3749,0.6963,0.02,0.012,0.03,0.0163,0.00012,0.0537,0.143,0.005,350
53,RICE1,RICE-1 (Thin Cloud / Hazy Translucent Layer),94.45,0.4998,0.6492,0.5425,0.3797,0.7053,0.02,0.012,0.03,0.0167,0.00012,0.0537,0.147,0.005,350
54,RICE1,RICE-1 (Thin Cloud / Hazy Translucent Layer),0.02,0.3222,0.7873,0.5213,0.3649,0.6777,0.02,0.012,0.03,0.012,0.00012,0.0555,0.1,0.005,350
55,RICE1,RICE-1 (Thin Cloud / Hazy Translucent Layer),8.11,0.3759,0.7386,0.5261,0.3683,0.6839,0.0201,0.0121,0.0301,0.0124,0.00012,0.0549,0.104,0.005,350
56,RICE1,RICE-1 (Thin Cloud / Hazy Translucent Layer),75.52,0.4247,0.6877,0.5312,0.3718,0.6906,0.0201,0.0121,0.0301,0.0158,0.00012,0.0546,0.138,0.005,350
57,RICE1,RICE-1 (Thin Cloud / Hazy Translucent Layer),11.11,0.3714,0.7423,0.5258,0.3681,0.6835,0.02,0.012,0.03,0.0126,0.00012,0.0553,0.106,0.005,350
58,RICE1,RICE-1 (Thin Cloud / Hazy Translucent Layer),0.0,0.3231,0.788,0.5212,0.3648,0.6776,0.0202,0.0121,0.0303,0.012,0.00012,0.0559,0.1,0.005,350
59,RICE1,RICE-1 (Thin Cloud / Hazy Translucent Layer),0.0,0.3169,0.8005,0.52,0.364,0.676,0.0201,0.0121,0.0301,0.012,0.00012,0.0563,0.1,0.005,350
60,RICE1,RICE-1 (Thin Cloud / Hazy Translucent Layer),0.0,0.3316,0.7918,0.5208,0.3646,0.677,0.02,0.012,0.03,0.012,0.00012,0.0558,0.1,0.005,350
61,RICE1,RICE-1 (Thin Cloud / Hazy Translucent Layer),0.12,0.3675,0.745,0.5255,0.3678,0.6832,0.02,0.012,0.03,0.012,0.00012,0.055,0.1,0.005,350
62,RICE1,RICE-1 (Thin Cloud / Hazy Translucent Layer),2.7,0.3818,0.7292,0.5271,0.369,0.6852,0.0203,0.0122,0.0304,0.0121,0.00012,0.0549,0.101,0.005,350
63,RICE1,RICE-1 (Thin Cloud / Hazy Translucent Layer),0.09,0.3084,0.8113,0.5189,0.3632,0.6746,0.02,0.012,0.03,0.012,0.00012,0.056,0.1,0.005,350
64,RICE1,RICE-1 (Thin Cloud / Hazy Translucent Layer),13.74,0.3814,0.737,0.5263,0.3684,0.6842,0.02,0.012,0.03,0.0127,0.00012,0.055,0.107,0.005,350
65,RICE1,RICE-1 (Thin Cloud / Hazy Translucent Layer),96.11,0.4501,0.6661,0.5334,0.3734,0.6934,0.02,0.012,0.03,0.0168,0.00012,0.0544,0.148,0.005,350
66,RICE1,RICE-1 (Thin Cloud / Hazy Translucent Layer),38.0,0.389,0.7195,0.528,0.3696,0.6864,0.0202,0.0121,0.0303,0.0139,0.00012,0.0549,0.119,0.005,350
67,RICE1,RICE-1 (Thin Cloud / Hazy Translucent Layer),0.0,0.3166,0.8007,0.5199,0.3639,0.6759,0.0201,0.0121,0.0301,0.012,0.00012,0.0562,0.1,0.005,350
68,RICE1,RICE-1 (Thin Cloud / Hazy Translucent Layer),0.0,0.2934,0.8288,0.5171,0.362,0.6722,0.0205,0.0123,0.0307,0.012,0.00012,0.057,0.1,0.005,350
69,RICE1,RICE-1 (Thin Cloud / Hazy Translucent Layer),0.0,0.2974,0.8135,0.5186,0.363,0.6742,0.0206,0.0124,0.0309,0.012,0.00012,0.0564,0.1,0.005,350
70,RICE1,RICE-1 (Thin Cloud / Hazy Translucent Layer),0.0,0.3334,0.7789,0.5221,0.3655,0.6787,0.0204,0.0122,0.0306,0.012,0.00012,0.0556,0.1,0.005,350
71,RICE1,RICE-1 (Thin Cloud / Hazy Translucent Layer),10.99,0.3932,0.7325,0.5268,0.3688,0.6848,0.0202,0.0121,0.0303,0.0125,0.00012,0.0549,0.105,0.005,350
72,RICE1,RICE-1 (Thin Cloud / Hazy Translucent Layer),0.0,0.3216,0.7995,0.52,0.364,0.676,0.02,0.012,0.03,0.012,0.00012,0.0559,0.1,0.005,350
73,RICE1,RICE-1 (Thin Cloud / Hazy Translucent Layer),9.75,0.3835,0.7438,0.5256,0.3679,0.6833,0.0202,0.0121,0.0303,0.0125,0.00012,0.0549,0.105,0.005,350
74,RICE1,RICE-1 (Thin Cloud / Hazy Translucent Layer),91.19,0.4587,0.6631,0.535,0.3745,0.6955,0.02,0.012,0.03,0.0166,0.00012,0.0542,0.146,0.005,350
75,RICE1,RICE-1 (Thin Cloud / Hazy Translucent Layer),59.54,0.4254,0.6921,0.5308,0.3716,0.69,0.02,0.012,0.03,0.015,0.00012,0.0546,0.13,0.005,350
76,RICE1,RICE-1 (Thin Cloud / Hazy Translucent Layer),0.0,0.3151,0.8016,0.5198,0.3639,0.6757,0.0203,0.0122,0.0304,0.012,0.00012,0.0564,0.1,0.005,350
77,RICE1,RICE-1 (Thin Cloud / Hazy Translucent Layer),0.0,0.2898,0.8248,0.5175,0.3622,0.6727,0.0201,0.0121,0.0301,0.012,0.00012,0.0571,0.1,0.005,350
78,RICE1,RICE-1 (Thin Cloud / Hazy Translucent Layer),0.0,0.3125,0.8055,0.5195,0.3636,0.6754,0.02,0.012,0.03,0.012,0.00012,0.0565,0.1,0.005,350
79,RICE1,RICE-1 (Thin Cloud / Hazy Translucent Layer),0.49,0.3348,0.7937,0.5206,0.3644,0.6768,0.02,0.012,0.03,0.012,0.00012,0.0559,0.1,0.005,350
80,RICE1,RICE-1 (Thin Cloud / Hazy Translucent Layer),0.06,0.3668,0.7567,0.5243,0.367,0.6816,0.0203,0.0122,0.0304,0.012,0.00012,0.0552,0.1,0.005,350
81,RICE1,RICE-1 (Thin Cloud / Hazy Translucent Layer),0.0,0.2952,0.8297,0.517,0.3619,0.6721,0.02,0.012,0.03,0.012,0.00012,0.0566,0.1,0.005,350
82,RICE1,RICE-1 (Thin Cloud / Hazy Translucent Layer),20.63,0.3876,0.7301,0.527,0.3689,0.6851,0.02,0.012,0.03,0.013,0.00012,0.0548,0.11,0.005,350
83,RICE1,RICE-1 (Thin Cloud / Hazy Translucent Layer),94.39,0.4492,0.6718,0.5328,0.373,0.6926,0.02,0.012,0.03,0.0167,0.00012,0.0543,0.147,0.005,350
84,RICE1,RICE-1 (Thin Cloud / Hazy Translucent Layer),64.97,0.4346,0.6937,0.5306,0.3714,0.6898,0.02,0.012,0.03,0.0152,0.00012,0.0544,0.132,0.005,350
85,RICE1,RICE-1 (Thin Cloud / Hazy Translucent Layer),0.02,0.342,0.7759,0.5224,0.3657,0.6791,0.0202,0.0121,0.0303,0.012,0.00012,0.0558,0.1,0.005,350
86,RICE1,RICE-1 (Thin Cloud / Hazy Translucent Layer),0.0,0.3249,0.7902,0.521,0.3647,0.6773,0.02,0.012,0.03,0.012,0.00012,0.0559,0.1,0.005,350
87,RICE1,RICE-1 (Thin Cloud / Hazy Translucent Layer),0.0,0.3319,0.7797,0.522,0.3654,0.6786,0.02,0.012,0.03,0.012,0.00012,0.0558,0.1,0.005,350
88,RICE1,RICE-1 (Thin Cloud / Hazy Translucent Layer),1.35,0.3724,0.7767,0.5223,0.3656,0.679,0.02,0.012,0.03,0.0121,0.00012,0.0553,0.101,0.005,350
89,RICE1,RICE-1 (Thin Cloud / Hazy Translucent Layer),0.0,0.3335,0.7847,0.5215,0.365,0.6779,0.0202,0.0121,0.0303,0.012,0.00012,0.0555,0.1,0.005,350
90,RICE1,RICE-1 (Thin Cloud / Hazy Translucent Layer),0.0,0.2974,0.8267,0.5173,0.3621,0.6725,0.02,0.012,0.03,0.012,0.00012,0.0571,0.1,0.005,350
91,RICE1,RICE-1 (Thin Cloud / Hazy Translucent Layer),54.52,0.421,0.7033,0.5297,0.3708,0.6886,0.02,0.012,0.03,0.0147,0.00012,0.0545,0.127,0.005,350
92,RICE1,RICE-1 (Thin Cloud / Hazy Translucent Layer),99.63,0.4746,0.6466,0.539,0.3773,0.7007,0.02,0.012,0.03,0.017,0.00012,0.0541,0.15,0.005,350
93,RICE1,RICE-1 (Thin Cloud / Hazy Translucent Layer),82.3,0.4419,0.677,0.5323,0.3726,0.692,0.0204,0.0122,0.0306,0.0161,0.00012,0.0545,0.141,0.005,350
94,RICE1,RICE-1 (Thin Cloud / Hazy Translucent Layer),6.37,0.3822,0.7332,0.5267,0.3687,0.6847,0.0201,0.0121,0.0301,0.0123,0.00012,0.0552,0.103,0.005,350
95,RICE1,RICE-1 (Thin Cloud / Hazy Translucent Layer),1.54,0.3717,0.75,0.525,0.3675,0.6825,0.0201,0.0121,0.0301,0.0121,0.00012,0.0552,0.101,0.005,350
96,RICE1,RICE-1 (Thin Cloud / Hazy Translucent Layer),5.45,0.3865,0.7309,0.5269,0.3688,0.685,0.0201,0.0121,0.0301,0.0123,0.00012,0.0552,0.103,0.005,350
97,RICE1,RICE-1 (Thin Cloud / Hazy Translucent Layer),3.98,0.3754,0.7394,0.5261,0.3683,0.6839,0.0202,0.0121,0.0303,0.0122,0.00012,0.0552,0.102,0.005,350
98,RICE1,RICE-1 (Thin Cloud / Hazy Translucent Layer),0.2,0.3323,0.7885,0.5212,0.3648,0.6776,0.02,0.012,0.03,0.012,0.00012,0.0558,0.1,0.005,350
99,RICE1,RICE-1 (Thin Cloud / Hazy Translucent Layer),0.01,0.2896,0.8435,0.5157,0.361,0.6704,0.02,0.012,0.03,0.012,0.00012,0.057,0.1,0.005,350
100,RICE1,RICE-1 (Thin Cloud / Hazy Translucent Layer),56.74,0.442,0.6914,0.5309,0.3716,0.6902,0.02,0.012,0.03,0.0148,0.00012,0.0543,0.128,0.005,350
101,RICE1,RICE-1 (Thin Cloud / Hazy Translucent Layer),100.0,0.5217,0.6062,0.5501,0.3851,0.7151,0.02,0.012,0.03,0.017,0.00012,0.0539,0.15,0.005,350
102,RICE1,RICE-1 (Thin Cloud / Hazy Translucent Layer),100.0,0.5067,0.6118,0.5473,0.3831,0.7115,0.02,0.012,0.03,0.017,0.00012,0.0541,0.15,0.005,350
103,RICE1,RICE-1 (Thin Cloud / Hazy Translucent Layer),74.87,0.4513,0.671,0.5331,0.3732,0.693,0.02,0.012,0.03,0.0157,0.00012,0.0546,0.137,0.005,350
104,RICE1,RICE-1 (Thin Cloud / Hazy Translucent Layer),73.57,0.4305,0.684,0.5316,0.3721,0.6911,0.0201,0.0121,0.0301,0.0157,0.00012,0.0546,0.137,0.005,350
105,RICE1,RICE-1 (Thin Cloud / Hazy Translucent Layer),76.01,0.447,0.685,0.5315,0.372,0.6909,0.0201,0.0121,0.0301,0.0158,0.00012,0.0545,0.138,0.005,350
106,RICE1,RICE-1 (Thin Cloud / Hazy Translucent Layer),38.4,0.4038,0.7121,0.5288,0.3702,0.6874,0.0201,0.0121,0.0301,0.0139,0.00012,0.0547,0.119,0.005,350
107,RICE1,RICE-1 (Thin Cloud / Hazy Translucent Layer),0.29,0.3313,0.7873,0.5213,0.3649,0.6777,0.02,0.012,0.03,0.012,0.00012,0.0557,0.1,0.005,350
108,RICE1,RICE-1 (Thin Cloud / Hazy Translucent Layer),94.54,0.449,0.6837,0.5316,0.3721,0.6911,0.02,0.012,0.03,0.0167,0.00012,0.0539,0.147,0.005,350
109,RICE1,RICE-1 (Thin Cloud / Hazy Translucent Layer),88.09,0.4455,0.6874,0.5313,0.3719,0.6907,0.02,0.012,0.03,0.0164,0.00012,0.054,0.144,0.005,350
110,RICE1,RICE-1 (Thin Cloud / Hazy Translucent Layer),68.64,0.4374,0.6949,0.5305,0.3713,0.6896,0.0202,0.0121,0.0303,0.0154,0.00012,0.0543,0.134,0.005,350
111,RICE1,RICE-1 (Thin Cloud / Hazy Translucent Layer),55.24,0.4399,0.6989,0.5301,0.3711,0.6891,0.0201,0.0121,0.0301,0.0148,0.00012,0.0542,0.128,0.005,350
112,RICE1,RICE-1 (Thin Cloud / Hazy Translucent Layer),16.67,0.3958,0.725,0.5275,0.3692,0.6857,0.0204,0.0122,0.0306,0.0128,0.00012,0.0543,0.108,0.005,350
113,RICE1,RICE-1 (Thin Cloud / Hazy Translucent Layer),47.56,0.4316,0.7027,0.5297,0.3708,0.6886,0.02,0.012,0.03,0.0144,0.00012,0.0542,0.124,0.005,350
114,RICE1,RICE-1 (Thin Cloud / Hazy Translucent Layer),42.27,0.4479,0.7027,0.5297,0.3708,0.6886,0.0202,0.0121,0.0303,0.0141,0.00012,0.0542,0.121,0.005,350
115,RICE1,RICE-1 (Thin Cloud / Hazy Translucent Layer),27.35,0.4379,0.7095,0.5291,0.3704,0.6878,0.0205,0.0123,0.0307,0.0134,0.00012,0.0544,0.114,0.005,350
116,RICE1,RICE-1 (Thin Cloud / Hazy Translucent Layer),23.04,0.4152,0.7161,0.5284,0.3699,0.6869,0.0203,0.0122,0.0304,0.0132,0.00012,0.0542,0.112,0.005,350
117,RICE1,RICE-1 (Thin Cloud / Hazy Translucent Layer),59.83,0.4396,0.6967,0.5303,0.3712,0.6894,0.02,0.012,0.03,0.015,0.00012,0.0541,0.13,0.005,350
118,RICE1,RICE-1 (Thin Cloud / Hazy Translucent Layer),26.98,0.4205,0.71,0.529,0.3703,0.6877,0.0204,0.0122,0.0306,0.0133,0.00012,0.0542,0.113,0.005,350
119,RICE1,RICE-1 (Thin Cloud / Hazy Translucent Layer),7.21,0.4111,0.7242,0.5276,0.3693,0.6859,0.0202,0.0121,0.0303,0.0124,0.00012,0.0543,0.104,0.005,350
120,RICE1,RICE-1 (Thin Cloud / Hazy Translucent Layer),18.43,0.4331,0.7249,0.5275,0.3692,0.6857,0.02,0.012,0.03,0.0129,0.00012,0.0541,0.109,0.005,350
121,RICE1,RICE-1 (Thin Cloud / Hazy Translucent Layer),12.69,0.4263,0.7259,0.5274,0.3692,0.6856,0.02,0.012,0.03,0.0126,0.00012,0.0542,0.106,0.005,350
122,RICE1,RICE-1 (Thin Cloud / Hazy Translucent Layer),28.29,0.4377,0.7136,0.5286,0.37,0.6872,0.02,0.012,0.03,0.0134,0.00012,0.0541,0.114,0.005,350
123,RICE1,RICE-1 (Thin Cloud / Hazy Translucent Layer),33.0,0.4432,0.7084,0.5292,0.3704,0.688,0.0203,0.0122,0.0304,0.0136,0.00012,0.0542,0.116,0.005,350
124,RICE1,RICE-1 (Thin Cloud / Hazy Translucent Layer),19.79,0.4364,0.7152,0.5285,0.3699,0.687,0.0203,0.0122,0.0304,0.013,0.00012,0.0543,0.11,0.005,350
125,RICE1,RICE-1 (Thin Cloud / Hazy Translucent Layer),17.65,0.4152,0.7165,0.5283,0.3698,0.6868,0.0205,0.0123,0.0307,0.0129,0.00012,0.0543,0.109,0.005,350
126,RICE1,RICE-1 (Thin Cloud / Hazy Translucent Layer),13.99,0.4146,0.7187,0.5281,0.3697,0.6865,0.0204,0.0122,0.0306,0.0127,0.00012,0.0544,0.107,0.005,350
127,RICE1,RICE-1 (Thin Cloud / Hazy Translucent Layer),24.12,0.4216,0.7091,0.5291,0.3704,0.6878,0.0204,0.0122,0.0306,0.0132,0.00012,0.0543,0.112,0.005,350
128,RICE1,RICE-1 (Thin Cloud / Hazy Translucent Layer),21.97,0.4145,0.7274,0.5273,0.3691,0.6855,0.0203,0.0122,0.0304,0.0131,0.00012,0.0542,0.111,0.005,350
129,RICE1,RICE-1 (Thin Cloud / Hazy Translucent Layer),25.9,0.4521,0.7216,0.5282,0.3697,0.6867,0.02,0.012,0.03,0.0133,9e-05,0.0538,0.113,0.005,350
130,RICE1,RICE-1 (Thin Cloud / Hazy Translucent Layer),33.0,0.4548,0.7198,0.5287,0.3701,0.6873,0.02,0.012,0.03,0.0137,9e-05,0.0536,0.117,0.005,350
131,RICE1,RICE-1 (Thin Cloud / Hazy Translucent Layer),28.31,0.4379,0.7113,0.5289,0.3702,0.6876,0.0204,0.0122,0.0306,0.0134,0.00012,0.0543,0.114,0.005,350
132,RICE1,RICE-1 (Thin Cloud / Hazy Translucent Layer),45.82,0.4474,0.7008,0.5299,0.3709,0.6889,0.0202,0.0121,0.0303,0.0143,0.00012,0.0542,0.123,0.005,350
133,RICE1,RICE-1 (Thin Cloud / Hazy Translucent Layer),17.35,0.4337,0.7189,0.5281,0.3697,0.6865,0.0203,0.0122,0.0304,0.0129,0.00012,0.0543,0.109,0.005,350
134,RICE1,RICE-1 (Thin Cloud / Hazy Translucent Layer),23.13,0.4173,0.7113,0.5289,0.3702,0.6876,0.0204,0.0122,0.0306,0.0132,0.00012,0.0542,0.112,0.005,350
135,RICE1,RICE-1 (Thin Cloud / Hazy Translucent Layer),11.45,0.4135,0.7224,0.5278,0.3695,0.6861,0.0203,0.0122,0.0304,0.0126,0.00012,0.0544,0.106,0.005,350
136,RICE1,RICE-1 (Thin Cloud / Hazy Translucent Layer),13.48,0.4062,0.7242,0.5276,0.3693,0.6859,0.0204,0.0122,0.0306,0.0127,0.00012,0.0544,0.107,0.005,350
137,RICE1,RICE-1 (Thin Cloud / Hazy Translucent Layer),8.52,0.404,0.7322,0.5268,0.3688,0.6848,0.0202,0.0121,0.0303,0.0124,0.00012,0.0544,0.104,0.005,350
138,RICE1,RICE-1 (Thin Cloud / Hazy Translucent Layer),9.96,0.4262,0.7362,0.5264,0.3685,0.6843,0.0201,0.0121,0.0301,0.0125,0.00012,0.0542,0.105,0.005,350
139,RICE1,RICE-1 (Thin Cloud / Hazy Translucent Layer),25.3,0.4442,0.7236,0.5276,0.3693,0.6859,0.02,0.012,0.03,0.0133,9e-05,0.0539,0.113,0.005,350
140,RICE1,RICE-1 (Thin Cloud / Hazy Translucent Layer),20.81,0.4351,0.7218,0.5278,0.3695,0.6861,0.0203,0.0122,0.0304,0.013,0.00012,0.0544,0.11,0.005,350
141,RICE1,RICE-1 (Thin Cloud / Hazy Translucent Layer),34.45,0.434,0.7024,0.5298,0.3709,0.6887,0.0205,0.0123,0.0307,0.0137,0.00012,0.0544,0.117,0.005,350
142,RICE1,RICE-1 (Thin Cloud / Hazy Translucent Layer),39.85,0.4563,0.6928,0.5317,0.3722,0.6912,0.0202,0.0121,0.0303,0.014,0.00012,0.0544,0.12,0.005,350
143,RICE1,RICE-1 (Thin Cloud / Hazy Translucent Layer),41.51,0.4558,0.6883,0.532,0.3724,0.6916,0.0203,0.0122,0.0304,0.0141,0.00012,0.0542,0.121,0.005,350
144,RICE1,RICE-1 (Thin Cloud / Hazy Translucent Layer),18.45,0.4176,0.7195,0.528,0.3696,0.6864,0.0201,0.0121,0.0301,0.0129,0.00012,0.0544,0.109,0.005,350
145,RICE1,RICE-1 (Thin Cloud / Hazy Translucent Layer),14.26,0.4076,0.7307,0.5269,0.3688,0.685,0.0204,0.0122,0.0306,0.0127,0.00012,0.0544,0.107,0.005,350
146,RICE1,RICE-1 (Thin Cloud / Hazy Translucent Layer),4.16,0.3993,0.7468,0.5253,0.3677,0.6829,0.0202,0.0121,0.0303,0.0122,0.00012,0.0545,0.102,0.005,350
147,RICE1,RICE-1 (Thin Cloud / Hazy Translucent Layer),4.08,0.4005,0.747,0.5253,0.3677,0.6829,0.02,0.012,0.03,0.0122,0.00012,0.0545,0.102,0.005,350
148,RICE1,RICE-1 (Thin Cloud / Hazy Translucent Layer),17.87,0.4342,0.7341,0.5266,0.3686,0.6846,0.02,0.012,0.03,0.0129,9e-05,0.0539,0.109,0.005,350
149,RICE1,RICE-1 (Thin Cloud / Hazy Translucent Layer),6.14,0.415,0.7373,0.5263,0.3684,0.6842,0.0204,0.0122,0.0306,0.0123,0.00012,0.0545,0.103,0.005,350
150,RICE1,RICE-1 (Thin Cloud / Hazy Translucent Layer),8.97,0.424,0.7246,0.5275,0.3692,0.6857,0.0204,0.0122,0.0306,0.0124,0.00012,0.0544,0.104,0.005,350
151,RICE1,RICE-1 (Thin Cloud / Hazy Translucent Layer),26.27,0.4386,0.715,0.5285,0.3699,0.687,0.0201,0.0121,0.0301,0.0133,0.00012,0.0544,0.113,0.005,350
152,RICE1,RICE-1 (Thin Cloud / Hazy Translucent Layer),44.13,0.4602,0.7024,0.5313,0.3719,0.6907,0.02,0.012,0.03,0.0142,0.00012,0.0542,0.122,0.005,350
153,RICE1,RICE-1 (Thin Cloud / Hazy Translucent Layer),64.43,0.4499,0.6891,0.5311,0.3718,0.6904,0.0201,0.0121,0.0301,0.0152,0.00012,0.0543,0.132,0.005,350
154,RICE1,RICE-1 (Thin Cloud / Hazy Translucent Layer),21.38,0.4258,0.7178,0.5282,0.3697,0.6867,0.0204,0.0122,0.0306,0.0131,0.00012,0.0544,0.111,0.005,350
155,RICE1,RICE-1 (Thin Cloud / Hazy Translucent Layer),5.78,0.3942,0.7458,0.5254,0.3678,0.683,0.0206,0.0124,0.0309,0.0123,0.00012,0.0546,0.103,0.005,350
156,RICE1,RICE-1 (Thin Cloud / Hazy Translucent Layer),10.08,0.3981,0.748,0.5252,0.3676,0.6828,0.0205,0.0123,0.0307,0.0125,0.00012,0.0546,0.105,0.005,350
157,RICE1,RICE-1 (Thin Cloud / Hazy Translucent Layer),2.13,0.3826,0.7676,0.5232,0.3662,0.6802,0.0205,0.0123,0.0307,0.0121,0.00012,0.0547,0.101,0.005,350
158,RICE1,RICE-1 (Thin Cloud / Hazy Translucent Layer),3.77,0.4019,0.7406,0.5259,0.3681,0.6837,0.0204,0.0122,0.0306,0.0122,0.00012,0.0546,0.102,0.005,350
159,RICE1,RICE-1 (Thin Cloud / Hazy Translucent Layer),2.86,0.418,0.7257,0.5274,0.3692,0.6856,0.0205,0.0123,0.0307,0.0121,0.00012,0.0546,0.101,0.005,350
160,RICE1,RICE-1 (Thin Cloud / Hazy Translucent Layer),7.76,0.4234,0.7213,0.5279,0.3695,0.6863,0.0204,0.0122,0.0306,0.0124,0.00012,0.0546,0.104,0.005,350
161,RICE1,RICE-1 (Thin Cloud / Hazy Translucent Layer),24.83,0.4363,0.7187,0.5281,0.3697,0.6865,0.0201,0.0121,0.0301,0.0132,0.00012,0.0544,0.112,0.005,350
162,RICE1,RICE-1 (Thin Cloud / Hazy Translucent Layer),99.83,0.5887,0.5963,0.5612,0.3928,0.7296,0.02,0.012,0.03,0.017,0.00012,0.0532,0.15,0.005,350
163,RICE1,RICE-1 (Thin Cloud / Hazy Translucent Layer),100.0,0.5993,0.5841,0.564,0.3948,0.7332,0.02,0.012,0.03,0.017,0.00012,0.0532,0.15,0.005,350
164,RICE1,RICE-1 (Thin Cloud / Hazy Translucent Layer),100.0,0.5856,0.5914,0.5612,0.3928,0.7296,0.02,0.012,0.03,0.017,0.00012,0.0533,0.15,0.005,350
165,RICE1,RICE-1 (Thin Cloud / Hazy Translucent Layer),100.0,0.593,0.5894,0.5625,0.3937,0.7313,0.02,0.012,0.03,0.017,0.00012,0.0534,0.15,0.005,350
166,RICE1,RICE-1 (Thin Cloud / Hazy Translucent Layer),100.0,0.5984,0.5825,0.564,0.3948,0.7332,0.02,0.012,0.03,0.017,0.00012,0.0534,0.15,0.005,350
167,RICE1,RICE-1 (Thin Cloud / Hazy Translucent Layer),100.0,0.5918,0.5827,0.563,0.3941,0.7319,0.02,0.012,0.03,0.017,0.00012,0.0534,0.15,0.005,350
168,RICE1,RICE-1 (Thin Cloud / Hazy Translucent Layer),100.0,0.5992,0.5781,0.5646,0.3952,0.734,0.02,0.012,0.03,0.017,0.00012,0.0534,0.15,0.005,350
169,RICE1,RICE-1 (Thin Cloud / Hazy Translucent Layer),100.0,0.6217,0.56,0.5698,0.3989,0.7407,0.02,0.012,0.03,0.017,0.00012,0.0534,0.15,0.005,350
170,RICE1,RICE-1 (Thin Cloud / Hazy Translucent Layer),100.0,0.6459,0.5345,0.5759,0.4031,0.7487,0.02,0.012,0.03,0.017,0.00012,0.0533,0.15,0.005,350
171,RICE1,RICE-1 (Thin Cloud / Hazy Translucent Layer),100.0,0.6022,0.5807,0.5648,0.3954,0.7342,0.02,0.012,0.03,0.017,0.00012,0.0533,0.15,0.005,350
172,RICE1,RICE-1 (Thin Cloud / Hazy Translucent Layer),100.0,0.6164,0.5753,0.5674,0.3972,0.7376,0.02,0.012,0.03,0.017,0.00012,0.0533,0.15,0.005,350
173,RICE1,RICE-1 (Thin Cloud / Hazy Translucent Layer),100.0,0.6038,0.5801,0.5651,0.3956,0.7346,0.02,0.012,0.03,0.017,0.00012,0.0534,0.15,0.005,350
174,RICE1,RICE-1 (Thin Cloud / Hazy Translucent Layer),100.0,0.6041,0.5787,0.5653,0.3957,0.7349,0.02,0.012,0.03,0.017,0.00012,0.0534,0.15,0.005,350
175,RICE1,RICE-1 (Thin Cloud / Hazy Translucent Layer),100.0,0.6073,0.5761,0.566,0.3962,0.7358,0.02,0.012,0.03,0.017,0.00012,0.0534,0.15,0.005,350
176,RICE1,RICE-1 (Thin Cloud / Hazy Translucent Layer),100.0,0.6096,0.5748,0.5665,0.3965,0.7365,0.02,0.012,0.03,0.017,0.00012,0.0533,0.15,0.005,350
177,RICE1,RICE-1 (Thin Cloud / Hazy Translucent Layer),100.0,0.634,0.5561,0.572,0.4004,0.7436,0.02,0.012,0.03,0.017,0.00012,0.0534,0.15,0.005,350
178,RICE1,RICE-1 (Thin Cloud / Hazy Translucent Layer),100.0,0.6282,0.5548,0.5712,0.3998,0.7426,0.02,0.012,0.03,0.017,0.00012,0.0533,0.15,0.005,350
179,RICE1,RICE-1 (Thin Cloud / Hazy Translucent Layer),100.0,0.6366,0.5443,0.5736,0.4015,0.7457,0.02,0.012,0.03,0.017,0.00012,0.0532,0.15,0.005,350
180,RICE1,RICE-1 (Thin Cloud / Hazy Translucent Layer),100.0,0.6253,0.56,0.5703,0.3992,0.7414,0.02,0.012,0.03,0.017,0.00012,0.0533,0.15,0.005,350
181,RICE1,RICE-1 (Thin Cloud / Hazy Translucent Layer),100.0,0.6189,0.5657,0.5688,0.3982,0.7394,0.02,0.012,0.03,0.017,0.00012,0.0533,0.15,0.005,350
182,RICE1,RICE-1 (Thin Cloud / Hazy Translucent Layer),100.0,0.6177,0.5676,0.5684,0.3979,0.7389,0.02,0.012,0.03,0.017,0.00012,0.0534,0.15,0.005,350
183,RICE1,RICE-1 (Thin Cloud / Hazy Translucent Layer),100.0,0.623,0.5641,0.5695,0.3987,0.7404,0.02,0.012,0.03,0.017,0.00012,0.0534,0.15,0.005,350
184,RICE1,RICE-1 (Thin Cloud / Hazy Translucent Layer),100.0,0.635,0.5556,0.5722,0.4005,0.7439,0.02,0.012,0.03,0.017,0.00012,0.0534,0.15,0.005,350
185,RICE1,RICE-1 (Thin Cloud / Hazy Translucent Layer),100.0,0.632,0.557,0.5716,0.4001,0.7431,0.02,0.012,0.03,0.017,0.00012,0.0534,0.15,0.005,350
186,RICE1,RICE-1 (Thin Cloud / Hazy Translucent Layer),100.0,0.6269,0.5584,0.5707,0.3995,0.7419,0.02,0.012,0.03,0.017,0.00012,0.0534,0.15,0.005,350
187,RICE1,RICE-1 (Thin Cloud / Hazy Translucent Layer),100.0,0.6401,0.5469,0.5738,0.4017,0.7459,0.02,0.012,0.03,0.017,0.00012,0.0533,0.15,0.005,350
188,RICE1,RICE-1 (Thin Cloud / Hazy Translucent Layer),100.0,0.6427,0.542,0.5747,0.4023,0.7471,0.02,0.012,0.03,0.017,0.00012,0.0532,0.15,0.005,350
189,RICE1,RICE-1 (Thin Cloud / Hazy Translucent Layer),100.0,0.6252,0.5701,0.5693,0.3985,0.7401,0.02,0.012,0.03,0.017,0.00012,0.0533,0.15,0.005,350
190,RICE1,RICE-1 (Thin Cloud / Hazy Translucent Layer),100.0,0.6258,0.5679,0.5696,0.3987,0.7405,0.02,0.012,0.03,0.017,0.00012,0.0533,0.15,0.005,350
191,RICE1,RICE-1 (Thin Cloud / Hazy Translucent Layer),100.0,0.6134,0.5719,0.5673,0.3971,0.7375,0.02,0.012,0.03,0.017,0.00012,0.0533,0.15,0.005,350
192,RICE1,RICE-1 (Thin Cloud / Hazy Translucent Layer),100.0,0.6239,0.5617,0.5699,0.3989,0.7409,0.02,0.012,0.03,0.017,0.00012,0.0534,0.15,0.005,350
193,RICE1,RICE-1 (Thin Cloud / Hazy Translucent Layer),100.0,0.6435,0.5468,0.5743,0.402,0.7466,0.02,0.012,0.03,0.017,0.00012,0.0534,0.15,0.005,350
194,RICE1,RICE-1 (Thin Cloud / Hazy Translucent Layer),100.0,0.6456,0.5406,0.5753,0.4027,0.7479,0.02,0.012,0.03,0.017,0.00012,0.0534,0.15,0.005,350
195,RICE1,RICE-1 (Thin Cloud / Hazy Translucent Layer),100.0,0.6395,0.5493,0.5735,0.4014,0.7456,0.02,0.012,0.03,0.017,0.00012,0.0534,0.15,0.005,350
196,RICE1,RICE-1 (Thin Cloud / Hazy Translucent Layer),100.0,0.6324,0.556,0.5718,0.4003,0.7433,0.02,0.012,0.03,0.017,0.00012,0.0533,0.15,0.005,350
197,RICE1,RICE-1 (Thin Cloud / Hazy Translucent Layer),100.0,0.6495,0.537,0.5762,0.4033,0.7491,0.02,0.012,0.03,0.017,0.00012,0.0532,0.15,0.005,350
198,RICE1,RICE-1 (Thin Cloud / Hazy Translucent Layer),100.0,0.6351,0.568,0.571,0.3997,0.7423,0.02,0.012,0.03,0.017,0.00012,0.0534,0.15,0.005,350
199,RICE1,RICE-1 (Thin Cloud / Hazy Translucent Layer),100.0,0.6181,0.5758,0.5676,0.3973,0.7379,0.02,0.012,0.03,0.017,0.00012,0.0533,0.15,0.005,350
200,RICE1,RICE-1 (Thin Cloud / Hazy Translucent Layer),100.0,0.6153,0.5708,0.5677,0.3974,0.738,0.02,0.012,0.03,0.017,0.00012,0.0533,0.15,0.005,350
201,RICE1,RICE-1 (Thin Cloud / Hazy Translucent Layer),100.0,0.6114,0.5669,0.5675,0.3972,0.7378,0.02,0.012,0.03,0.017,0.00012,0.0534,0.15,0.005,350
202,RICE1,RICE-1 (Thin Cloud / Hazy Translucent Layer),100.0,0.6208,0.5632,0.5693,0.3985,0.7401,0.02,0.012,0.03,0.017,0.00012,0.0534,0.15,0.005,350
203,RICE1,RICE-1 (Thin Cloud / Hazy Translucent Layer),100.0,0.6419,0.5548,0.5733,0.4013,0.7453,0.02,0.012,0.03,0.017,0.00012,0.0534,0.15,0.005,350
204,RICE1,RICE-1 (Thin Cloud / Hazy Translucent Layer),100.0,0.6363,0.565,0.5714,0.4,0.7428,0.02,0.012,0.03,0.017,0.00012,0.0534,0.15,0.005,350
205,RICE1,RICE-1 (Thin Cloud / Hazy Translucent Layer),100.0,0.6261,0.5672,0.5697,0.3988,0.7406,0.02,0.012,0.03,0.017,0.00012,0.0533,0.15,0.005,350
206,RICE1,RICE-1 (Thin Cloud / Hazy Translucent Layer),100.0,0.6328,0.5628,0.5711,0.3998,0.7424,0.02,0.012,0.03,0.017,0.00012,0.0533,0.15,0.005,350
207,RICE1,RICE-1 (Thin Cloud / Hazy Translucent Layer),100.0,0.6537,0.55,0.5756,0.4029,0.7483,0.02,0.012,0.03,0.017,0.00012,0.0534,0.15,0.005,350
208,RICE1,RICE-1 (Thin Cloud / Hazy Translucent Layer),100.0,0.6441,0.551,0.574,0.4018,0.7462,0.02,0.012,0.03,0.017,0.00012,0.0533,0.15,0.005,350
209,RICE1,RICE-1 (Thin Cloud / Hazy Translucent Layer),100.0,0.637,0.5499,0.5731,0.4012,0.745,0.02,0.012,0.03,0.017,0.00012,0.0533,0.15,0.005,350
210,RICE1,RICE-1 (Thin Cloud / Hazy Translucent Layer),100.0,0.6364,0.5568,0.5723,0.4006,0.744,0.02,0.012,0.03,0.017,0.00012,0.0534,0.15,0.005,350
211,RICE1,RICE-1 (Thin Cloud / Hazy Translucent Layer),100.0,0.6396,0.5575,0.5727,0.4009,0.7445,0.02,0.012,0.03,0.017,0.00012,0.0534,0.15,0.005,350
212,RICE1,RICE-1 (Thin Cloud / Hazy Translucent Layer),100.0,0.623,0.5721,0.5687,0.3981,0.7393,0.02,0.012,0.03,0.017,0.00012,0.0533,0.15,0.005,350
213,RICE1,RICE-1 (Thin Cloud / Hazy Translucent Layer),100.0,0.6247,0.5733,0.5689,0.3982,0.7396,0.02,0.012,0.03,0.017,0.00012,0.0533,0.15,0.005,350
214,RICE1,RICE-1 (Thin Cloud / Hazy Translucent Layer),100.0,0.6231,0.577,0.5683,0.3978,0.7388,0.02,0.012,0.03,0.017,0.00012,0.0533,0.15,0.005,350
215,RICE1,RICE-1 (Thin Cloud / Hazy Translucent Layer),100.0,0.6243,0.5804,0.5681,0.3977,0.7385,0.02,0.012,0.03,0.017,0.00012,0.0534,0.15,0.005,350
216,RICE1,RICE-1 (Thin Cloud / Hazy Translucent Layer),100.0,0.6103,0.541,0.57,0.399,0.741,0.02,0.012,0.03,0.017,0.00012,0.0533,0.15,0.005,350
217,RICE1,RICE-1 (Thin Cloud / Hazy Translucent Layer),100.0,0.6266,0.5221,0.5743,0.402,0.7466,0.02,0.012,0.03,0.017,0.00012,0.0533,0.15,0.005,350
218,RICE1,RICE-1 (Thin Cloud / Hazy Translucent Layer),100.0,0.6366,0.5084,0.5772,0.404,0.7504,0.02,0.012,0.03,0.017,0.00012,0.0533,0.15,0.005,350
219,RICE1,RICE-1 (Thin Cloud / Hazy Translucent Layer),100.0,0.6435,0.5076,0.5783,0.4048,0.7518,0.02,0.012,0.03,0.017,0.00012,0.0532,0.15,0.005,350
220,RICE1,RICE-1 (Thin Cloud / Hazy Translucent Layer),100.0,0.6304,0.5312,0.5739,0.4017,0.7461,0.02,0.012,0.03,0.017,0.00012,0.0532,0.15,0.005,350
221,RICE1,RICE-1 (Thin Cloud / Hazy Translucent Layer),100.0,0.6318,0.5329,0.574,0.4018,0.7462,0.02,0.012,0.03,0.017,0.00012,0.0532,0.15,0.005,350
222,RICE1,RICE-1 (Thin Cloud / Hazy Translucent Layer),100.0,0.6374,0.5173,0.5764,0.4035,0.7493,0.02,0.012,0.03,0.017,0.00012,0.0532,0.15,0.005,350
223,RICE1,RICE-1 (Thin Cloud / Hazy Translucent Layer),100.0,0.6699,0.4825,0.5847,0.4093,0.7601,0.02,0.012,0.03,0.017,0.00012,0.0534,0.15,0.005,350
224,RICE1,RICE-1 (Thin Cloud / Hazy Translucent Layer),100.0,0.6671,0.482,0.5844,0.4091,0.7597,0.02,0.012,0.03,0.017,0.00012,0.0534,0.15,0.005,350
225,RICE1,RICE-1 (Thin Cloud / Hazy Translucent Layer),100.0,0.5976,0.5521,0.5669,0.3968,0.737,0.02,0.012,0.03,0.017,0.00012,0.0532,0.15,0.005,350
226,RICE1,RICE-1 (Thin Cloud / Hazy Translucent Layer),100.0,0.6128,0.5296,0.5715,0.4,0.7429,0.02,0.012,0.03,0.017,0.00012,0.0533,0.15,0.005,350
227,RICE1,RICE-1 (Thin Cloud / Hazy Translucent Layer),100.0,0.6159,0.5233,0.5726,0.4008,0.7444,0.02,0.012,0.03,0.017,0.00012,0.0533,0.15,0.005,350
228,RICE1,RICE-1 (Thin Cloud / Hazy Translucent Layer),100.0,0.6457,0.5145,0.5779,0.4045,0.7513,0.02,0.012,0.03,0.017,0.00012,0.0532,0.15,0.005,350
229,RICE1,RICE-1 (Thin Cloud / Hazy Translucent Layer),100.0,0.6215,0.5432,0.5714,0.4,0.7428,0.02,0.012,0.03,0.017,0.00012,0.0532,0.15,0.005,350
230,RICE1,RICE-1 (Thin Cloud / Hazy Translucent Layer),100.0,0.6191,0.5407,0.5713,0.3999,0.7427,0.02,0.012,0.03,0.017,0.00012,0.0531,0.15,0.005,350
231,RICE1,RICE-1 (Thin Cloud / Hazy Translucent Layer),100.0,0.6069,0.548,0.5687,0.3981,0.7393,0.02,0.012,0.03,0.017,0.00012,0.0532,0.15,0.005,350
232,RICE1,RICE-1 (Thin Cloud / Hazy Translucent Layer),100.0,0.6585,0.5,0.5813,0.4069,0.7557,0.02,0.012,0.03,0.017,0.00012,0.0532,0.15,0.005,350
233,RICE1,RICE-1 (Thin Cloud / Hazy Translucent Layer),100.0,0.6447,0.5021,0.579,0.4053,0.7527,0.02,0.012,0.03,0.017,0.00012,0.0533,0.15,0.005,350
234,RICE1,RICE-1 (Thin Cloud / Hazy Translucent Layer),100.0,0.6057,0.5523,0.5681,0.3977,0.7385,0.02,0.012,0.03,0.017,0.00012,0.0532,0.15,0.005,350
235,RICE1,RICE-1 (Thin Cloud / Hazy Translucent Layer),100.0,0.6121,0.5472,0.5696,0.3987,0.7405,0.02,0.012,0.03,0.017,0.00012,0.0532,0.15,0.005,350
236,RICE1,RICE-1 (Thin Cloud / Hazy Translucent Layer),100.0,0.6224,0.5419,0.5717,0.4002,0.7432,0.02,0.012,0.03,0.017,0.00012,0.0531,0.15,0.005,350
237,RICE1,RICE-1 (Thin Cloud / Hazy Translucent Layer),100.0,0.6391,0.53,0.5754,0.4028,0.748,0.02,0.012,0.03,0.017,9e-05,0.0531,0.15,0.005,350
238,RICE1,RICE-1 (Thin Cloud / Hazy Translucent Layer),100.0,0.6068,0.5515,0.5684,0.3979,0.7389,0.02,0.012,0.03,0.017,0.00012,0.0532,0.15,0.005,350
239,RICE1,RICE-1 (Thin Cloud / Hazy Translucent Layer),100.0,0.5968,0.5603,0.566,0.3962,0.7358,0.02,0.012,0.03,0.017,0.00012,0.0531,0.15,0.005,350
240,RICE1,RICE-1 (Thin Cloud / Hazy Translucent Layer),100.0,0.5811,0.5678,0.5629,0.394,0.7318,0.02,0.012,0.03,0.017,0.00012,0.0532,0.15,0.005,350
241,RICE1,RICE-1 (Thin Cloud / Hazy Translucent Layer),100.0,0.6201,0.5271,0.5728,0.401,0.7446,0.02,0.012,0.03,0.017,0.00012,0.0532,0.15,0.005,350
242,RICE1,RICE-1 (Thin Cloud / Hazy Translucent Layer),100.0,0.6469,0.5112,0.5784,0.4049,0.7519,0.02,0.012,0.03,0.017,0.00012,0.0532,0.15,0.005,350
243,RICE1,RICE-1 (Thin Cloud / Hazy Translucent Layer),100.0,0.5707,0.5789,0.5602,0.3921,0.7283,0.02,0.012,0.03,0.017,0.00012,0.0532,0.15,0.005,350
244,RICE1,RICE-1 (Thin Cloud / Hazy Translucent Layer),100.0,0.5746,0.5781,0.5609,0.3926,0.7292,0.02,0.012,0.03,0.017,0.00012,0.0532,0.15,0.005,350
245,RICE1,RICE-1 (Thin Cloud / Hazy Translucent Layer),100.0,0.5718,0.5758,0.5607,0.3925,0.7289,0.02,0.012,0.03,0.017,0.00012,0.0532,0.15,0.005,350
246,RICE1,RICE-1 (Thin Cloud / Hazy Translucent Layer),100.0,0.6033,0.5635,0.5666,0.3966,0.7366,0.02,0.012,0.03,0.017,0.00012,0.0531,0.15,0.005,350
247,RICE1,RICE-1 (Thin Cloud / Hazy Translucent Layer),100.0,0.6216,0.5548,0.5703,0.3992,0.7414,0.02,0.012,0.03,0.017,9e-05,0.053,0.15,0.005,350
248,RICE1,RICE-1 (Thin Cloud / Hazy Translucent Layer),100.0,0.5911,0.5698,0.5642,0.3949,0.7335,0.02,0.012,0.03,0.017,0.00012,0.0531,0.15,0.005,350
249,RICE1,RICE-1 (Thin Cloud / Hazy Translucent Layer),100.0,0.5799,0.5751,0.562,0.3934,0.7306,0.02,0.012,0.03,0.017,0.00012,0.0531,0.15,0.005,350
250,RICE1,RICE-1 (Thin Cloud / Hazy Translucent Layer),100.0,0.6094,0.5524,0.5687,0.3981,0.7393,0.02,0.012,0.03,0.017,0.00012,0.0531,0.15,0.005,350
251,RICE1,RICE-1 (Thin Cloud / Hazy Translucent Layer),100.0,0.6408,0.5322,0.5754,0.4028,0.748,0.02,0.012,0.03,0.017,0.00012,0.0531,0.15,0.005,350
252,RICE1,RICE-1 (Thin Cloud / Hazy Translucent Layer),100.0,0.5708,0.5813,0.56,0.392,0.728,0.02,0.012,0.03,0.017,0.00012,0.0533,0.15,0.005,350
253,RICE1,RICE-1 (Thin Cloud / Hazy Translucent Layer),100.0,0.5555,0.5909,0.5567,0.3897,0.7237,0.02,0.012,0.03,0.017,0.00012,0.0533,0.15,0.005,350
254,RICE1,RICE-1 (Thin Cloud / Hazy Translucent Layer),100.0,0.5757,0.5848,0.5604,0.3923,0.7285,0.02,0.012,0.03,0.017,0.00012,0.0532,0.15,0.005,350
255,RICE1,RICE-1 (Thin Cloud / Hazy Translucent Layer),100.0,0.5567,0.6027,0.5557,0.389,0.7224,0.02,0.012,0.03,0.017,0.00012,0.0532,0.15,0.005,350
256,RICE1,RICE-1 (Thin Cloud / Hazy Translucent Layer),100.0,0.5611,0.5926,0.5574,0.3902,0.7246,0.02,0.012,0.03,0.017,0.00012,0.0531,0.15,0.005,350
257,RICE1,RICE-1 (Thin Cloud / Hazy Translucent Layer),100.0,0.5854,0.571,0.5632,0.3942,0.7322,0.02,0.012,0.03,0.017,0.00012,0.0531,0.15,0.005,350
258,RICE1,RICE-1 (Thin Cloud / Hazy Translucent Layer),100.0,0.5983,0.571,0.5652,0.3956,0.7348,0.02,0.012,0.03,0.017,0.00012,0.0531,0.15,0.005,350
259,RICE1,RICE-1 (Thin Cloud / Hazy Translucent Layer),100.0,0.6279,0.546,0.5721,0.4005,0.7437,0.02,0.012,0.03,0.017,0.00012,0.0531,0.15,0.005,350
260,RICE1,RICE-1 (Thin Cloud / Hazy Translucent Layer),100.0,0.6443,0.5448,0.5747,0.4023,0.7471,0.02,0.012,0.03,0.017,0.00012,0.0531,0.15,0.005,350
261,RICE1,RICE-1 (Thin Cloud / Hazy Translucent Layer),100.0,0.5457,0.6019,0.5542,0.3879,0.7205,0.02,0.012,0.03,0.017,0.00012,0.0534,0.15,0.005,350
262,RICE1,RICE-1 (Thin Cloud / Hazy Translucent Layer),100.0,0.5456,0.6008,0.5543,0.388,0.7206,0.02,0.012,0.03,0.017,0.00012,0.0533,0.15,0.005,350
263,RICE1,RICE-1 (Thin Cloud / Hazy Translucent Layer),100.0,0.5255,0.6163,0.5497,0.3848,0.7146,0.02,0.012,0.03,0.017,0.00012,0.0533,0.15,0.005,350
264,RICE1,RICE-1 (Thin Cloud / Hazy Translucent Layer),99.85,0.5081,0.6456,0.5441,0.3809,0.7073,0.02,0.012,0.03,0.017,0.00012,0.0533,0.15,0.005,350
265,RICE1,RICE-1 (Thin Cloud / Hazy Translucent Layer),100.0,0.5534,0.6212,0.5534,0.3874,0.7194,0.02,0.012,0.03,0.017,0.00012,0.0531,0.15,0.005,350
266,RICE1,RICE-1 (Thin Cloud / Hazy Translucent Layer),100.0,0.5727,0.5957,0.5588,0.3912,0.7264,0.02,0.012,0.03,0.017,0.00012,0.0531,0.15,0.005,350
267,RICE1,RICE-1 (Thin Cloud / Hazy Translucent Layer),100.0,0.5687,0.5887,0.5589,0.3912,0.7266,0.02,0.012,0.03,0.017,0.00012,0.0531,0.15,0.005,350
268,RICE1,RICE-1 (Thin Cloud / Hazy Translucent Layer),100.0,0.5782,0.5842,0.5608,0.3926,0.729,0.02,0.012,0.03,0.017,0.00012,0.0531,0.15,0.005,350
269,RICE1,RICE-1 (Thin Cloud / Hazy Translucent Layer),100.0,0.6163,0.5615,0.5688,0.3982,0.7394,0.02,0.012,0.03,0.017,0.00012,0.053,0.15,0.005,350
270,RICE1,RICE-1 (Thin Cloud / Hazy Translucent Layer),0.3,0.3927,0.7117,0.5288,0.3702,0.6874,0.028,0.0168,0.042,0.012,0.00012,0.0516,0.1,0.005,350
271,RICE1,RICE-1 (Thin Cloud / Hazy Translucent Layer),0.57,0.3766,0.7456,0.5254,0.3678,0.683,0.0269,0.0161,0.0403,0.012,0.00012,0.052,0.1,0.005,350
272,RICE1,RICE-1 (Thin Cloud / Hazy Translucent Layer),6.4,0.3714,0.7823,0.5218,0.3653,0.6783,0.0219,0.0131,0.0328,0.0123,0.00012,0.0529,0.103,0.005,350
273,RICE1,RICE-1 (Thin Cloud / Hazy Translucent Layer),1.6,0.3761,0.7414,0.5259,0.3681,0.6837,0.0276,0.0166,0.0414,0.0121,0.00012,0.0518,0.101,0.005,350
274,RICE1,RICE-1 (Thin Cloud / Hazy Translucent Layer),3.08,0.3932,0.713,0.5287,0.3701,0.6873,0.0281,0.0169,0.0421,0.0122,0.00012,0.0516,0.102,0.005,350
275,RICE1,RICE-1 (Thin Cloud / Hazy Translucent Layer),49.4,0.4052,0.7026,0.5297,0.3708,0.6886,0.0274,0.0164,0.0411,0.0145,0.00012,0.0518,0.125,0.005,350
276,RICE1,RICE-1 (Thin Cloud / Hazy Translucent Layer),83.14,0.4111,0.6952,0.5305,0.3713,0.6896,0.0271,0.0163,0.0406,0.0162,0.00012,0.0517,0.142,0.005,350
277,RICE1,RICE-1 (Thin Cloud / Hazy Translucent Layer),27.41,0.3935,0.7134,0.5287,0.3701,0.6873,0.0281,0.0169,0.0421,0.0134,0.00012,0.0516,0.114,0.005,350
278,RICE1,RICE-1 (Thin Cloud / Hazy Translucent Layer),0.0,0.3676,0.7402,0.526,0.3682,0.6838,0.0301,0.0181,0.0451,0.012,0.00012,0.0513,0.1,0.005,350
279,RICE1,RICE-1 (Thin Cloud / Hazy Translucent Layer),0.11,0.3883,0.7176,0.5282,0.3697,0.6867,0.0281,0.0169,0.0421,0.012,0.00012,0.0517,0.1,0.005,350
280,RICE1,RICE-1 (Thin Cloud / Hazy Translucent Layer),1.75,0.3974,0.7112,0.5289,0.3702,0.6876,0.0279,0.0167,0.0418,0.0121,0.00012,0.0517,0.101,0.005,350
281,RICE1,RICE-1 (Thin Cloud / Hazy Translucent Layer),3.74,0.3888,0.7186,0.5281,0.3697,0.6865,0.0283,0.017,0.0425,0.0122,0.00012,0.0516,0.102,0.005,350
282,RICE1,RICE-1 (Thin Cloud / Hazy Translucent Layer),0.82,0.3868,0.7206,0.5279,0.3695,0.6863,0.0284,0.017,0.0426,0.012,0.00012,0.0516,0.1,0.005,350
283,RICE1,RICE-1 (Thin Cloud / Hazy Translucent Layer),2.23,0.3923,0.7143,0.5286,0.37,0.6872,0.0282,0.0169,0.0423,0.0121,0.00012,0.0516,0.101,0.005,350
284,RICE1,RICE-1 (Thin Cloud / Hazy Translucent Layer),26.23,0.4009,0.7068,0.5293,0.3705,0.6881,0.0277,0.0166,0.0415,0.0133,0.00012,0.0517,0.113,0.005,350
285,RICE1,RICE-1 (Thin Cloud / Hazy Translucent Layer),89.15,0.4118,0.6936,0.5306,0.3714,0.6898,0.0271,0.0163,0.0406,0.0165,0.00012,0.0517,0.145,0.005,350
286,RICE1,RICE-1 (Thin Cloud / Hazy Translucent Layer),91.47,0.4152,0.6917,0.5308,0.3716,0.69,0.0269,0.0161,0.0403,0.0166,0.00012,0.0519,0.146,0.005,350
287,RICE1,RICE-1 (Thin Cloud / Hazy Translucent Layer),16.43,0.3926,0.7147,0.5285,0.3699,0.687,0.0282,0.0169,0.0423,0.0128,0.00012,0.0516,0.108,0.005,350
288,RICE1,RICE-1 (Thin Cloud / Hazy Translucent Layer),0.0,0.3806,0.7259,0.5274,0.3692,0.6856,0.0288,0.0173,0.0432,0.012,0.00012,0.0516,0.1,0.005,350
289,RICE1,RICE-1 (Thin Cloud / Hazy Translucent Layer),0.37,0.3925,0.714,0.5286,0.37,0.6872,0.0281,0.0169,0.0421,0.012,0.00012,0.0516,0.1,0.005,350
290,RICE1,RICE-1 (Thin Cloud / Hazy Translucent Layer),0.4,0.3928,0.7125,0.5287,0.3701,0.6873,0.0282,0.0169,0.0423,0.012,0.00012,0.0515,0.1,0.005,350
291,RICE1,RICE-1 (Thin Cloud / Hazy Translucent Layer),0.55,0.3929,0.7128,0.5287,0.3701,0.6873,0.0281,0.0169,0.0421,0.012,0.00012,0.0515,0.1,0.005,350
292,RICE1,RICE-1 (Thin Cloud / Hazy Translucent Layer),0.0,0.3848,0.7228,0.5277,0.3694,0.686,0.0285,0.0171,0.0428,0.012,0.00012,0.0516,0.1,0.005,350
293,RICE1,RICE-1 (Thin Cloud / Hazy Translucent Layer),1.11,0.3891,0.7177,0.5282,0.3697,0.6867,0.0283,0.017,0.0425,0.0121,0.00012,0.0515,0.101,0.005,350
294,RICE1,RICE-1 (Thin Cloud / Hazy Translucent Layer),40.04,0.4024,0.7031,0.5297,0.3708,0.6886,0.0276,0.0166,0.0414,0.014,0.00012,0.0516,0.12,0.005,350
295,RICE1,RICE-1 (Thin Cloud / Hazy Translucent Layer),90.76,0.4139,0.6935,0.5307,0.3715,0.6899,0.027,0.0162,0.0405,0.0165,0.00012,0.0518,0.145,0.005,350
296,RICE1,RICE-1 (Thin Cloud / Hazy Translucent Layer),95.96,0.4149,0.6904,0.531,0.3717,0.6903,0.0268,0.0161,0.0402,0.0168,0.00012,0.0518,0.148,0.005,350
297,RICE1,RICE-1 (Thin Cloud / Hazy Translucent Layer),0.0,0.365,0.7428,0.5257,0.368,0.6834,0.0304,0.0182,0.0456,0.012,0.00012,0.0513,0.1,0.005,350
298,RICE1,RICE-1 (Thin Cloud / Hazy Translucent Layer),0.0,0.381,0.7257,0.5274,0.3692,0.6856,0.0289,0.0173,0.0433,0.012,0.00012,0.0515,0.1,0.005,350
299,RICE1,RICE-1 (Thin Cloud / Hazy Translucent Layer),0.15,0.3871,0.7184,0.5282,0.3697,0.6867,0.0285,0.0171,0.0428,0.012,0.00012,0.0515,0.1,0.005,350
300,RICE1,RICE-1 (Thin Cloud / Hazy Translucent Layer),0.21,0.3927,0.714,0.5286,0.37,0.6872,0.0282,0.0169,0.0423,0.012,0.00012,0.0515,0.1,0.005,350
301,RICE1,RICE-1 (Thin Cloud / Hazy Translucent Layer),0.0,0.3885,0.7183,0.5282,0.3697,0.6867,0.0284,0.017,0.0426,0.012,0.00012,0.0516,0.1,0.005,350
302,RICE1,RICE-1 (Thin Cloud / Hazy Translucent Layer),3.24,0.3911,0.7148,0.5285,0.3699,0.687,0.0282,0.0169,0.0423,0.0122,0.00012,0.0516,0.102,0.005,350
303,RICE1,RICE-1 (Thin Cloud / Hazy Translucent Layer),38.66,0.4023,0.7036,0.5296,0.3707,0.6885,0.0276,0.0166,0.0414,0.0139,0.00012,0.0516,0.119,0.005,350
304,RICE1,RICE-1 (Thin Cloud / Hazy Translucent Layer),84.15,0.4107,0.6955,0.5305,0.3713,0.6896,0.0271,0.0163,0.0406,0.0162,0.00012,0.0517,0.142,0.005,350
305,RICE1,RICE-1 (Thin Cloud / Hazy Translucent Layer),99.91,0.4171,0.6875,0.5313,0.3719,0.6907,0.0267,0.016,0.0401,0.017,0.00012,0.0518,0.15,0.005,350
306,RICE1,RICE-1 (Thin Cloud / Hazy Translucent Layer),0.0,0.3539,0.7577,0.5242,0.3669,0.6815,0.0321,0.0193,0.0481,0.012,0.00012,0.0511,0.1,0.005,350
307,RICE1,RICE-1 (Thin Cloud / Hazy Translucent Layer),0.0,0.3715,0.7357,0.5264,0.3685,0.6843,0.0297,0.0178,0.0445,0.012,0.00012,0.0514,0.1,0.005,350
308,RICE1,RICE-1 (Thin Cloud / Hazy Translucent Layer),0.01,0.3853,0.7212,0.5279,0.3695,0.6863,0.0286,0.0172,0.0429,0.012,0.00012,0.0515,0.1,0.005,350
309,RICE1,RICE-1 (Thin Cloud / Hazy Translucent Layer),7.6,0.4004,0.7067,0.5293,0.3705,0.6881,0.0278,0.0167,0.0417,0.0124,0.00012,0.0517,0.104,0.005,350
310,RICE1,RICE-1 (Thin Cloud / Hazy Translucent Layer),13.96,0.3999,0.7075,0.5293,0.3705,0.6881,0.0278,0.0167,0.0417,0.0127,0.00012,0.0517,0.107,0.005,350
311,RICE1,RICE-1 (Thin Cloud / Hazy Translucent Layer),20.36,0.4005,0.707,0.5293,0.3705,0.6881,0.0276,0.0166,0.0414,0.013,0.00012,0.0518,0.11,0.005,350
312,RICE1,RICE-1 (Thin Cloud / Hazy Translucent Layer),39.06,0.4041,0.7041,0.5296,0.3707,0.6885,0.0275,0.0165,0.0413,0.014,0.00012,0.0518,0.12,0.005,350
313,RICE1,RICE-1 (Thin Cloud / Hazy Translucent Layer),94.63,0.4144,0.6918,0.5308,0.3716,0.69,0.027,0.0162,0.0405,0.0167,0.00012,0.0518,0.147,0.005,350
314,RICE1,RICE-1 (Thin Cloud / Hazy Translucent Layer),99.91,0.4169,0.6886,0.5311,0.3718,0.6904,0.0267,0.016,0.0401,0.017,0.00012,0.0519,0.15,0.005,350
315,RICE1,RICE-1 (Thin Cloud / Hazy Translucent Layer),0.0,0.3482,0.7652,0.5235,0.3664,0.6805,0.0332,0.0199,0.0498,0.012,0.00012,0.051,0.1,0.005,350
316,RICE1,RICE-1 (Thin Cloud / Hazy Translucent Layer),0.0,0.3618,0.7469,0.5253,0.3677,0.6829,0.0309,0.0185,0.0464,0.012,0.00012,0.0512,0.1,0.005,350
317,RICE1,RICE-1 (Thin Cloud / Hazy Translucent Layer),0.0,0.3871,0.7201,0.528,0.3696,0.6864,0.0285,0.0171,0.0428,0.012,0.00012,0.0515,0.1,0.005,350
318,RICE1,RICE-1 (Thin Cloud / Hazy Translucent Layer),30.56,0.4019,0.7056,0.5294,0.3706,0.6882,0.0278,0.0167,0.0417,0.0135,0.00012,0.0517,0.115,0.005,350
319,RICE1,RICE-1 (Thin Cloud / Hazy Translucent Layer),76.36,0.4081,0.699,0.5301,0.3711,0.6891,0.0275,0.0165,0.0413,0.0158,0.00012,0.0517,0.138,0.005,350
320,RICE1,RICE-1 (Thin Cloud / Hazy Translucent Layer),74.96,0.4079,0.6979,0.5302,0.3711,0.6893,0.0272,0.0163,0.0408,0.0157,0.00012,0.0518,0.137,0.005,350
321,RICE1,RICE-1 (Thin Cloud / Hazy Translucent Layer),94.63,0.4142,0.6918,0.5308,0.3716,0.69,0.0268,0.0161,0.0402,0.0167,0.00012,0.0518,0.147,0.005,350
322,RICE1,RICE-1 (Thin Cloud / Hazy Translucent Layer),99.51,0.4168,0.6892,0.5311,0.3718,0.6904,0.0268,0.0161,0.0402,0.017,0.00012,0.0518,0.15,0.005,350
323,RICE1,RICE-1 (Thin Cloud / Hazy Translucent Layer),100.0,0.4188,0.688,0.5312,0.3718,0.6906,0.0268,0.0161,0.0402,0.017,0.00012,0.0519,0.15,0.005,350
324,RICE1,RICE-1 (Thin Cloud / Hazy Translucent Layer),0.21,0.3007,0.7835,0.5216,0.3651,0.6781,0.0269,0.0161,0.0403,0.012,0.00012,0.0517,0.1,0.005,350
325,RICE1,RICE-1 (Thin Cloud / Hazy Translucent Layer),1.49,0.292,0.7918,0.5208,0.3646,0.677,0.0276,0.0166,0.0414,0.0121,0.00012,0.0516,0.101,0.005,350
326,RICE1,RICE-1 (Thin Cloud / Hazy Translucent Layer),0.0,0.2783,0.8085,0.5192,0.3634,0.675,0.0298,0.0179,0.0447,0.012,0.00012,0.0513,0.1,0.005,350
327,RICE1,RICE-1 (Thin Cloud / Hazy Translucent Layer),0.0,0.3023,0.783,0.5217,0.3652,0.6782,0.0274,0.0164,0.0411,0.012,0.00012,0.0516,0.1,0.005,350
328,RICE1,RICE-1 (Thin Cloud / Hazy Translucent Layer),0.0,0.278,0.8049,0.5195,0.3636,0.6754,0.0284,0.017,0.0426,0.012,0.00012,0.0516,0.1,0.005,350
329,RICE1,RICE-1 (Thin Cloud / Hazy Translucent Layer),2.52,0.3193,0.7678,0.5232,0.3662,0.6802,0.0268,0.0161,0.0402,0.0121,0.00012,0.0517,0.101,0.005,350
330,RICE1,RICE-1 (Thin Cloud / Hazy Translucent Layer),5.68,0.3471,0.7408,0.5259,0.3681,0.6837,0.0256,0.0154,0.0384,0.0123,0.00012,0.0519,0.103,0.005,350
331,RICE1,RICE-1 (Thin Cloud / Hazy Translucent Layer),0.0,0.3507,0.7462,0.5254,0.3678,0.683,0.0258,0.0155,0.0387,0.012,0.00012,0.052,0.1,0.005,350
332,RICE1,RICE-1 (Thin Cloud / Hazy Translucent Layer),0.0,0.3104,0.7783,0.5222,0.3655,0.6789,0.0274,0.0164,0.0411,0.012,0.00012,0.0517,0.1,0.005,350
333,RICE1,RICE-1 (Thin Cloud / Hazy Translucent Layer),0.0,0.3237,0.7614,0.5239,0.3667,0.6811,0.0263,0.0158,0.0394,0.012,0.00012,0.0518,0.1,0.005,350
334,RICE1,RICE-1 (Thin Cloud / Hazy Translucent Layer),0.0,0.3296,0.7587,0.5241,0.3669,0.6813,0.0269,0.0161,0.0403,0.012,0.00012,0.0517,0.1,0.005,350
335,RICE1,RICE-1 (Thin Cloud / Hazy Translucent Layer),0.0,0.3046,0.7817,0.5218,0.3653,0.6783,0.0277,0.0166,0.0415,0.012,0.00012,0.0516,0.1,0.005,350
336,RICE1,RICE-1 (Thin Cloud / Hazy Translucent Layer),2.05,0.3378,0.7466,0.5253,0.3677,0.6829,0.0255,0.0153,0.0382,0.0121,0.00012,0.0519,0.101,0.005,350
337,RICE1,RICE-1 (Thin Cloud / Hazy Translucent Layer),0.05,0.3347,0.752,0.5248,0.3674,0.6822,0.0261,0.0157,0.0392,0.012,0.00012,0.0519,0.1,0.005,350
338,RICE1,RICE-1 (Thin Cloud / Hazy Translucent Layer),1.24,0.336,0.7523,0.5248,0.3674,0.6822,0.0263,0.0158,0.0394,0.0121,0.00012,0.0518,0.101,0.005,350
339,RICE1,RICE-1 (Thin Cloud / Hazy Translucent Layer),4.37,0.3145,0.7742,0.5226,0.3658,0.6794,0.0278,0.0167,0.0417,0.0122,0.00012,0.0516,0.102,0.005,350
340,RICE1,RICE-1 (Thin Cloud / Hazy Translucent Layer),0.0,0.2897,0.8024,0.5198,0.3639,0.6757,0.0281,0.0169,0.0421,0.012,0.00012,0.0514,0.1,0.005,350
341,RICE1,RICE-1 (Thin Cloud / Hazy Translucent Layer),0.0,0.3153,0.7715,0.5229,0.366,0.6798,0.0265,0.0159,0.0398,0.012,0.00012,0.0518,0.1,0.005,350
342,RICE1,RICE-1 (Thin Cloud / Hazy Translucent Layer),9.55,0.2953,0.7912,0.5209,0.3646,0.6772,0.028,0.0168,0.042,0.0125,0.00012,0.0515,0.105,0.005,350
343,RICE1,RICE-1 (Thin Cloud / Hazy Translucent Layer),60.81,0.401,0.6906,0.5309,0.3716,0.6902,0.0239,0.0143,0.0358,0.015,0.00012,0.0523,0.13,0.005,350
344,RICE1,RICE-1 (Thin Cloud / Hazy Translucent Layer),29.85,0.3551,0.7314,0.5269,0.3688,0.685,0.0249,0.0149,0.0373,0.0135,0.00012,0.0521,0.115,0.005,350
345,RICE1,RICE-1 (Thin Cloud / Hazy Translucent Layer),0.0,0.3174,0.7677,0.5232,0.3662,0.6802,0.0267,0.016,0.0401,0.012,0.00012,0.0518,0.1,0.005,350
346,RICE1,RICE-1 (Thin Cloud / Hazy Translucent Layer),0.0,0.3083,0.7771,0.5223,0.3656,0.679,0.0274,0.0164,0.0411,0.012,0.00012,0.0516,0.1,0.005,350
347,RICE1,RICE-1 (Thin Cloud / Hazy Translucent Layer),0.0,0.2867,0.7996,0.52,0.364,0.676,0.0288,0.0173,0.0432,0.012,0.00012,0.0515,0.1,0.005,350
348,RICE1,RICE-1 (Thin Cloud / Hazy Translucent Layer),0.0,0.2271,0.8551,0.5145,0.3601,0.6688,0.0329,0.0197,0.0493,0.012,0.00012,0.0511,0.1,0.005,350
349,RICE1,RICE-1 (Thin Cloud / Hazy Translucent Layer),0.0,0.1805,0.907,0.5093,0.3565,0.6621,0.035,0.021,0.0525,0.012,0.00012,0.0506,0.1,0.005,350
350,RICE1,RICE-1 (Thin Cloud / Hazy Translucent Layer),0.0,0.2545,0.8291,0.5171,0.362,0.6722,0.0304,0.0182,0.0456,0.012,0.00012,0.0512,0.1,0.005,350
351,RICE1,RICE-1 (Thin Cloud / Hazy Translucent Layer),0.0,0.2948,0.7929,0.5207,0.3645,0.6769,0.0265,0.0159,0.0398,0.012,0.00012,0.0518,0.1,0.005,350
352,RICE1,RICE-1 (Thin Cloud / Hazy Translucent Layer),1.46,0.3452,0.7427,0.5257,0.368,0.6834,0.0247,0.0148,0.037,0.0121,0.00012,0.0521,0.101,0.005,350
353,RICE1,RICE-1 (Thin Cloud / Hazy Translucent Layer),21.99,0.3718,0.7201,0.528,0.3696,0.6864,0.0243,0.0146,0.0364,0.0131,0.00012,0.0521,0.111,0.005,350
354,RICE1,RICE-1 (Thin Cloud / Hazy Translucent Layer),28.92,0.3768,0.716,0.5284,0.3699,0.6869,0.0242,0.0145,0.0363,0.0134,0.00012,0.0521,0.114,0.005,350
355,RICE1,RICE-1 (Thin Cloud / Hazy Translucent Layer),7.31,0.3095,0.7778,0.5222,0.3655,0.6789,0.0264,0.0158,0.0396,0.0124,0.00012,0.0518,0.104,0.005,350
356,RICE1,RICE-1 (Thin Cloud / Hazy Translucent Layer),0.0,0.2795,0.8064,0.5194,0.3636,0.6752,0.0283,0.017,0.0425,0.012,0.00012,0.0515,0.1,0.005,350
357,RICE1,RICE-1 (Thin Cloud / Hazy Translucent Layer),0.0,0.2788,0.8078,0.5192,0.3634,0.675,0.0282,0.0169,0.0423,0.012,0.00012,0.0515,0.1,0.005,350
358,RICE1,RICE-1 (Thin Cloud / Hazy Translucent Layer),0.0,0.2377,0.8503,0.515,0.3605,0.6695,0.0326,0.0196,0.0489,0.012,0.00012,0.051,0.1,0.005,350
359,RICE1,RICE-1 (Thin Cloud / Hazy Translucent Layer),0.0,0.2166,0.8686,0.5131,0.3592,0.667,0.035,0.021,0.0525,0.012,0.00012,0.0506,0.1,0.005,350
360,RICE1,RICE-1 (Thin Cloud / Hazy Translucent Layer),0.0,0.2297,0.8511,0.5149,0.3604,0.6694,0.032,0.0192,0.048,0.012,0.00012,0.0511,0.1,0.005,350
361,RICE1,RICE-1 (Thin Cloud / Hazy Translucent Layer),4.83,0.3473,0.7393,0.5261,0.3683,0.6839,0.0256,0.0154,0.0384,0.0122,0.00012,0.0519,0.102,0.005,350
362,RICE1,RICE-1 (Thin Cloud / Hazy Translucent Layer),37.36,0.3845,0.7031,0.5297,0.3708,0.6886,0.0244,0.0146,0.0366,0.0139,0.00012,0.0521,0.119,0.005,350
363,RICE1,RICE-1 (Thin Cloud / Hazy Translucent Layer),47.66,0.3856,0.7026,0.5297,0.3708,0.6886,0.0242,0.0145,0.0363,0.0144,0.00012,0.0522,0.124,0.005,350
364,RICE1,RICE-1 (Thin Cloud / Hazy Translucent Layer),53.72,0.3896,0.7008,0.5299,0.3709,0.6889,0.0246,0.0148,0.0369,0.0147,0.00012,0.052,0.127,0.005,350
365,RICE1,RICE-1 (Thin Cloud / Hazy Translucent Layer),23.41,0.3784,0.7157,0.5284,0.3699,0.6869,0.0249,0.0149,0.0373,0.0132,0.00012,0.0521,0.112,0.005,350
366,RICE1,RICE-1 (Thin Cloud / Hazy Translucent Layer),5.61,0.3344,0.7635,0.5237,0.3666,0.6808,0.0259,0.0155,0.0388,0.0123,0.00012,0.0519,0.103,0.005,350
367,RICE1,RICE-1 (Thin Cloud / Hazy Translucent Layer),0.0,0.2605,0.8317,0.5168,0.3618,0.6718,0.0302,0.0181,0.0453,0.012,0.00012,0.0513,0.1,0.005,350
368,RICE1,RICE-1 (Thin Cloud / Hazy Translucent Layer),0.0,0.2305,0.8601,0.514,0.3598,0.6682,0.0338,0.0203,0.0507,0.012,0.00012,0.0509,0.1,0.005,350
369,RICE1,RICE-1 (Thin Cloud / Hazy Translucent Layer),0.0,0.1737,0.906,0.5094,0.3566,0.6622,0.035,0.021,0.0525,0.012,0.00012,0.0502,0.1,0.005,350
370,RICE1,RICE-1 (Thin Cloud / Hazy Translucent Layer),0.0,0.2496,0.8377,0.5162,0.3613,0.6711,0.0328,0.0197,0.0492,0.012,0.00012,0.051,0.1,0.005,350
371,RICE1,RICE-1 (Thin Cloud / Hazy Translucent Layer),23.28,0.3406,0.748,0.5252,0.3676,0.6828,0.0258,0.0155,0.0387,0.0132,0.00012,0.0519,0.112,0.005,350
372,RICE1,RICE-1 (Thin Cloud / Hazy Translucent Layer),96.2,0.4308,0.6646,0.5335,0.3734,0.6935,0.0233,0.014,0.035,0.0168,0.00012,0.0523,0.148,0.005,350
373,RICE1,RICE-1 (Thin Cloud / Hazy Translucent Layer),95.15,0.4262,0.6716,0.5328,0.373,0.6926,0.0236,0.0142,0.0354,0.0168,0.00012,0.0522,0.148,0.005,350
374,RICE1,RICE-1 (Thin Cloud / Hazy Translucent Layer),66.29,0.4057,0.6914,0.5309,0.3716,0.6902,0.0239,0.0143,0.0358,0.0153,0.00012,0.0522,0.133,0.005,350
375,RICE1,RICE-1 (Thin Cloud / Hazy Translucent Layer),54.09,0.3991,0.7039,0.5296,0.3707,0.6885,0.0245,0.0147,0.0368,0.0147,0.00012,0.0521,0.127,0.005,350
376,RICE1,RICE-1 (Thin Cloud / Hazy Translucent Layer),5.0,0.2745,0.8254,0.5175,0.3622,0.6727,0.0291,0.0175,0.0437,0.0122,0.00012,0.0514,0.102,0.005,350
377,RICE1,RICE-1 (Thin Cloud / Hazy Translucent Layer),0.0,0.2257,0.8702,0.513,0.3591,0.6669,0.035,0.021,0.0525,0.012,0.00012,0.0507,0.1,0.005,350
378,RICE1,RICE-1 (Thin Cloud / Hazy Translucent Layer),48.33,0.4781,0.6982,0.5344,0.3741,0.6947,0.02,0.012,0.03,0.0144,0.00012,0.0532,0.124,0.005,350
379,RICE1,RICE-1 (Thin Cloud / Hazy Translucent Layer),42.36,0.4697,0.7096,0.532,0.3724,0.6916,0.02,0.012,0.03,0.0141,0.00012,0.0532,0.121,0.005,350
380,RICE1,RICE-1 (Thin Cloud / Hazy Translucent Layer),44.13,0.4644,0.7147,0.5307,0.3715,0.6899,0.02,0.012,0.03,0.0142,0.00012,0.0534,0.122,0.005,350
381,RICE1,RICE-1 (Thin Cloud / Hazy Translucent Layer),39.4,0.4696,0.7127,0.5317,0.3722,0.6912,0.02,0.012,0.03,0.014,0.00012,0.0533,0.12,0.005,350
382,RICE1,RICE-1 (Thin Cloud / Hazy Translucent Layer),35.07,0.4477,0.7177,0.5282,0.3697,0.6867,0.02,0.012,0.03,0.0138,0.00012,0.0533,0.118,0.005,350
383,RICE1,RICE-1 (Thin Cloud / Hazy Translucent Layer),43.48,0.4544,0.7077,0.5299,0.3709,0.6889,0.02,0.012,0.03,0.0142,0.00012,0.0534,0.122,0.005,350
384,RICE1,RICE-1 (Thin Cloud / Hazy Translucent Layer),38.74,0.4455,0.7153,0.5285,0.3699,0.687,0.02,0.012,0.03,0.0139,0.00012,0.0534,0.119,0.005,350
385,RICE1,RICE-1 (Thin Cloud / Hazy Translucent Layer),30.86,0.4503,0.7249,0.5276,0.3693,0.6859,0.02,0.012,0.03,0.0135,0.00012,0.0535,0.115,0.005,350
386,RICE1,RICE-1 (Thin Cloud / Hazy Translucent Layer),46.98,0.4665,0.7006,0.5324,0.3727,0.6921,0.02,0.012,0.03,0.0143,0.00012,0.0535,0.123,0.005,350
387,RICE1,RICE-1 (Thin Cloud / Hazy Translucent Layer),47.04,0.4806,0.7004,0.5346,0.3742,0.695,0.02,0.012,0.03,0.0144,0.00012,0.0533,0.124,0.005,350
388,RICE1,RICE-1 (Thin Cloud / Hazy Translucent Layer),33.38,0.4649,0.7176,0.5305,0.3713,0.6896,0.02,0.012,0.03,0.0137,0.00012,0.0534,0.117,0.005,350
389,RICE1,RICE-1 (Thin Cloud / Hazy Translucent Layer),23.94,0.4352,0.7317,0.5268,0.3688,0.6848,0.02,0.012,0.03,0.0132,0.00012,0.0535,0.112,0.005,350
390,RICE1,RICE-1 (Thin Cloud / Hazy Translucent Layer),29.56,0.449,0.7286,0.5271,0.369,0.6852,0.02,0.012,0.03,0.0135,0.00012,0.0535,0.115,0.005,350
391,RICE1,RICE-1 (Thin Cloud / Hazy Translucent Layer),28.23,0.441,0.7383,0.5262,0.3683,0.6841,0.02,0.012,0.03,0.0134,0.00012,0.0535,0.114,0.005,350
392,RICE1,RICE-1 (Thin Cloud / Hazy Translucent Layer),15.9,0.4218,0.7575,0.5242,0.3669,0.6815,0.02,0.012,0.03,0.0128,0.00012,0.0533,0.108,0.005,350
393,RICE1,RICE-1 (Thin Cloud / Hazy Translucent Layer),13.94,0.4326,0.758,0.5242,0.3669,0.6815,0.02,0.012,0.03,0.0127,0.00012,0.0533,0.107,0.005,350
394,RICE1,RICE-1 (Thin Cloud / Hazy Translucent Layer),21.28,0.4295,0.7553,0.5245,0.3671,0.6818,0.02,0.012,0.03,0.0131,0.00012,0.0536,0.111,0.005,350
395,RICE1,RICE-1 (Thin Cloud / Hazy Translucent Layer),28.03,0.4378,0.7343,0.5266,0.3686,0.6846,0.02,0.012,0.03,0.0134,0.00012,0.0537,0.114,0.005,350
396,RICE1,RICE-1 (Thin Cloud / Hazy Translucent Layer),31.19,0.4531,0.7178,0.5287,0.3701,0.6873,0.02,0.012,0.03,0.0136,0.00012,0.0534,0.116,0.005,350
397,RICE1,RICE-1 (Thin Cloud / Hazy Translucent Layer),28.82,0.4498,0.7234,0.5277,0.3694,0.686,0.02,0.012,0.03,0.0134,0.00012,0.0533,0.114,0.005,350
398,RICE1,RICE-1 (Thin Cloud / Hazy Translucent Layer),37.59,0.457,0.7163,0.5294,0.3706,0.6882,0.02,0.012,0.03,0.0139,0.00012,0.0533,0.119,0.005,350
399,RICE1,RICE-1 (Thin Cloud / Hazy Translucent Layer),10.5,0.416,0.7586,0.5241,0.3669,0.6813,0.02,0.012,0.03,0.0125,0.00012,0.0534,0.105,0.005,350
400,RICE1,RICE-1 (Thin Cloud / Hazy Translucent Layer),4.08,0.3962,0.7754,0.5225,0.3657,0.6793,0.02,0.012,0.03,0.0122,0.00012,0.0533,0.102,0.005,350
401,RICE1,RICE-1 (Thin Cloud / Hazy Translucent Layer),4.57,0.4106,0.7826,0.5217,0.3652,0.6782,0.02,0.012,0.03,0.0122,0.00012,0.0536,0.102,0.005,350
402,RICE1,RICE-1 (Thin Cloud / Hazy Translucent Layer),6.8,0.3958,0.7961,0.5204,0.3643,0.6765,0.02,0.012,0.03,0.0123,0.00012,0.0536,0.103,0.005,350
403,RICE1,RICE-1 (Thin Cloud / Hazy Translucent Layer),9.12,0.4071,0.7782,0.5222,0.3655,0.6789,0.02,0.012,0.03,0.0125,0.00012,0.0535,0.105,0.005,350
404,RICE1,RICE-1 (Thin Cloud / Hazy Translucent Layer),9.2,0.4265,0.7724,0.5228,0.366,0.6796,0.02,0.012,0.03,0.0125,0.00012,0.0535,0.105,0.005,350
405,RICE1,RICE-1 (Thin Cloud / Hazy Translucent Layer),27.05,0.4567,0.7259,0.5284,0.3699,0.6869,0.02,0.012,0.03,0.0134,0.00012,0.0535,0.114,0.005,350
406,RICE1,RICE-1 (Thin Cloud / Hazy Translucent Layer),28.73,0.4467,0.7314,0.5269,0.3688,0.685,0.02,0.012,0.03,0.0134,0.00012,0.0536,0.114,0.005,350
407,RICE1,RICE-1 (Thin Cloud / Hazy Translucent Layer),44.42,0.4588,0.7211,0.5292,0.3704,0.688,0.02,0.012,0.03,0.0142,0.00012,0.0535,0.122,0.005,350
408,RICE1,RICE-1 (Thin Cloud / Hazy Translucent Layer),39.74,0.4522,0.7219,0.5281,0.3697,0.6865,0.02,0.012,0.03,0.014,0.00012,0.0533,0.12,0.005,350
409,RICE1,RICE-1 (Thin Cloud / Hazy Translucent Layer),32.65,0.4517,0.7357,0.5267,0.3687,0.6847,0.02,0.012,0.03,0.0136,0.00012,0.0533,0.116,0.005,350
410,RICE1,RICE-1 (Thin Cloud / Hazy Translucent Layer),4.2,0.4128,0.7737,0.5226,0.3658,0.6794,0.02,0.012,0.03,0.0122,0.00012,0.0532,0.102,0.005,350
411,RICE1,RICE-1 (Thin Cloud / Hazy Translucent Layer),6.92,0.4121,0.7812,0.5219,0.3653,0.6785,0.02,0.012,0.03,0.0123,0.00012,0.0535,0.103,0.005,350
412,RICE1,RICE-1 (Thin Cloud / Hazy Translucent Layer),12.82,0.4022,0.7854,0.5215,0.365,0.6779,0.02,0.012,0.03,0.0126,0.00012,0.0537,0.106,0.005,350
413,RICE1,RICE-1 (Thin Cloud / Hazy Translucent Layer),2.89,0.3814,0.8056,0.5194,0.3636,0.6752,0.02,0.012,0.03,0.0121,0.00012,0.0535,0.101,0.005,350
414,RICE1,RICE-1 (Thin Cloud / Hazy Translucent Layer),27.57,0.4545,0.7215,0.5285,0.3699,0.687,0.02,0.012,0.03,0.0134,0.00012,0.0534,0.114,0.005,350
415,RICE1,RICE-1 (Thin Cloud / Hazy Translucent Layer),14.15,0.4342,0.7449,0.5255,0.3678,0.6832,0.02,0.012,0.03,0.0127,0.00012,0.0535,0.107,0.005,350
416,RICE1,RICE-1 (Thin Cloud / Hazy Translucent Layer),13.01,0.432,0.7504,0.525,0.3675,0.6825,0.02,0.012,0.03,0.0127,0.00012,0.0535,0.107,0.005,350
417,RICE1,RICE-1 (Thin Cloud / Hazy Translucent Layer),17.27,0.4231,0.7536,0.5246,0.3672,0.682,0.02,0.012,0.03,0.0129,0.00012,0.0536,0.109,0.005,350
418,RICE1,RICE-1 (Thin Cloud / Hazy Translucent Layer),23.55,0.4285,0.746,0.5254,0.3678,0.683,0.02,0.012,0.03,0.0132,0.00012,0.0534,0.112,0.005,350
419,RICE1,RICE-1 (Thin Cloud / Hazy Translucent Layer),23.46,0.4338,0.7511,0.5249,0.3674,0.6824,0.02,0.012,0.03,0.0132,0.00012,0.0533,0.112,0.005,350
420,RICE1,RICE-1 (Thin Cloud / Hazy Translucent Layer),2.22,0.394,0.7894,0.5211,0.3648,0.6774,0.02,0.012,0.03,0.0121,0.00012,0.0535,0.101,0.005,350
421,RICE1,RICE-1 (Thin Cloud / Hazy Translucent Layer),4.28,0.3977,0.8,0.52,0.364,0.676,0.02,0.012,0.03,0.0122,0.00012,0.0536,0.102,0.005,350
422,RICE1,RICE-1 (Thin Cloud / Hazy Translucent Layer),2.56,0.3894,0.8167,0.5183,0.3628,0.6738,0.02,0.012,0.03,0.0121,9e-05,0.0536,0.101,0.005,350
423,RICE1,RICE-1 (Thin Cloud / Hazy Translucent Layer),25.89,0.4434,0.7206,0.5279,0.3695,0.6863,0.02,0.012,0.03,0.0133,0.00012,0.0534,0.113,0.005,350
424,RICE1,RICE-1 (Thin Cloud / Hazy Translucent Layer),20.62,0.4428,0.731,0.5269,0.3688,0.685,0.02,0.012,0.03,0.013,0.00012,0.0533,0.11,0.005,350
425,RICE1,RICE-1 (Thin Cloud / Hazy Translucent Layer),17.62,0.4213,0.7481,0.5252,0.3676,0.6828,0.02,0.012,0.03,0.0129,0.00012,0.0533,0.109,0.005,350
426,RICE1,RICE-1 (Thin Cloud / Hazy Translucent Layer),12.79,0.422,0.7583,0.5242,0.3669,0.6815,0.02,0.012,0.03,0.0126,0.00012,0.0536,0.106,0.005,350
427,RICE1,RICE-1 (Thin Cloud / Hazy Translucent Layer),17.44,0.4388,0.7529,0.5247,0.3673,0.6821,0.02,0.012,0.03,0.0129,0.00012,0.0535,0.109,0.005,350
428,RICE1,RICE-1 (Thin Cloud / Hazy Translucent Layer),26.13,0.4473,0.7407,0.5259,0.3681,0.6837,0.02,0.012,0.03,0.0133,0.00012,0.0534,0.113,0.005,350
429,RICE1,RICE-1 (Thin Cloud / Hazy Translucent Layer),27.47,0.4361,0.7434,0.5257,0.368,0.6834,0.02,0.012,0.03,0.0134,0.00012,0.0535,0.114,0.005,350
430,RICE1,RICE-1 (Thin Cloud / Hazy Translucent Layer),15.73,0.4051,0.7873,0.5213,0.3649,0.6777,0.02,0.012,0.03,0.0128,0.00012,0.0536,0.108,0.005,350
431,RICE1,RICE-1 (Thin Cloud / Hazy Translucent Layer),4.25,0.3747,0.8216,0.5178,0.3625,0.6731,0.02,0.012,0.03,0.0122,0.00012,0.0539,0.102,0.005,350
432,RICE1,RICE-1 (Thin Cloud / Hazy Translucent Layer),100.0,0.6406,0.5446,0.5741,0.4019,0.7463,0.02,0.012,0.03,0.017,0.00012,0.0529,0.15,0.005,350
433,RICE1,RICE-1 (Thin Cloud / Hazy Translucent Layer),100.0,0.6414,0.543,0.5744,0.4021,0.7467,0.02,0.012,0.03,0.017,0.00012,0.0529,0.15,0.005,350
434,RICE1,RICE-1 (Thin Cloud / Hazy Translucent Layer),100.0,0.6849,0.5011,0.5851,0.4096,0.7606,0.02,0.012,0.03,0.017,0.00012,0.053,0.15,0.005,350
435,RICE1,RICE-1 (Thin Cloud / Hazy Translucent Layer),100.0,0.7064,0.4787,0.5906,0.4134,0.7678,0.02,0.012,0.03,0.017,0.00012,0.053,0.15,0.005,350
436,RICE1,RICE-1 (Thin Cloud / Hazy Translucent Layer),100.0,0.7154,0.47,0.5928,0.415,0.7706,0.02,0.012,0.03,0.017,0.00012,0.053,0.15,0.005,350
437,RICE1,RICE-1 (Thin Cloud / Hazy Translucent Layer),100.0,0.7125,0.4664,0.5927,0.4149,0.7705,0.02,0.012,0.03,0.017,0.00012,0.053,0.15,0.005,350
438,RICE1,RICE-1 (Thin Cloud / Hazy Translucent Layer),100.0,0.6795,0.4917,0.5852,0.4096,0.7608,0.02,0.012,0.03,0.017,0.00012,0.053,0.15,0.005,350
439,RICE1,RICE-1 (Thin Cloud / Hazy Translucent Layer),100.0,0.7067,0.4626,0.5922,0.4145,0.7699,0.02,0.012,0.03,0.017,0.00012,0.053,0.15,0.005,350
440,RICE1,RICE-1 (Thin Cloud / Hazy Translucent Layer),100.0,0.714,0.4483,0.5948,0.4164,0.7732,0.02,0.012,0.03,0.017,0.00012,0.0531,0.15,0.005,350
441,RICE1,RICE-1 (Thin Cloud / Hazy Translucent Layer),100.0,0.6572,0.5331,0.5778,0.4045,0.7511,0.02,0.012,0.03,0.017,0.00012,0.053,0.15,0.005,350
442,RICE1,RICE-1 (Thin Cloud / Hazy Translucent Layer),100.0,0.6412,0.5438,0.5743,0.402,0.7466,0.02,0.012,0.03,0.017,0.00012,0.0529,0.15,0.005,350
443,RICE1,RICE-1 (Thin Cloud / Hazy Translucent Layer),100.0,0.6653,0.5159,0.5807,0.4065,0.7549,0.02,0.012,0.03,0.017,0.00012,0.0529,0.15,0.005,350
444,RICE1,RICE-1 (Thin Cloud / Hazy Translucent Layer),100.0,0.6937,0.486,0.5879,0.4115,0.7643,0.02,0.012,0.03,0.017,0.00012,0.053,0.15,0.005,350
445,RICE1,RICE-1 (Thin Cloud / Hazy Translucent Layer),100.0,0.7179,0.462,0.594,0.4158,0.7722,0.02,0.012,0.03,0.017,0.00012,0.053,0.15,0.005,350
446,RICE1,RICE-1 (Thin Cloud / Hazy Translucent Layer),100.0,0.7357,0.4417,0.5987,0.4191,0.7783,0.02,0.012,0.03,0.017,0.00012,0.053,0.15,0.005,350
447,RICE1,RICE-1 (Thin Cloud / Hazy Translucent Layer),100.0,0.7348,0.4347,0.5992,0.4194,0.779,0.02,0.012,0.03,0.017,0.00012,0.053,0.15,0.005,350
448,RICE1,RICE-1 (Thin Cloud / Hazy Translucent Layer),100.0,0.7512,0.4168,0.6035,0.4224,0.7846,0.02,0.012,0.03,0.017,0.00012,0.0531,0.15,0.005,350
449,RICE1,RICE-1 (Thin Cloud / Hazy Translucent Layer),100.0,0.7416,0.4249,0.6013,0.4209,0.7817,0.02,0.012,0.03,0.017,0.00012,0.053,0.15,0.005,350
450,RICE1,RICE-1 (Thin Cloud / Hazy Translucent Layer),100.0,0.6685,0.5312,0.5797,0.4058,0.7536,0.02,0.012,0.03,0.017,0.00012,0.053,0.15,0.005,350
451,RICE1,RICE-1 (Thin Cloud / Hazy Translucent Layer),100.0,0.6672,0.5227,0.5803,0.4062,0.7544,0.02,0.012,0.03,0.017,0.00012,0.0529,0.15,0.005,350
452,RICE1,RICE-1 (Thin Cloud / Hazy Translucent Layer),100.0,0.6771,0.5078,0.5833,0.4083,0.7583,0.02,0.012,0.03,0.017,0.00012,0.053,0.15,0.005,350
453,RICE1,RICE-1 (Thin Cloud / Hazy Translucent Layer),100.0,0.6906,0.4882,0.5873,0.4111,0.7635,0.02,0.012,0.03,0.017,0.00012,0.053,0.15,0.005,350
454,RICE1,RICE-1 (Thin Cloud / Hazy Translucent Layer),100.0,0.7247,0.4533,0.5959,0.4171,0.7747,0.02,0.012,0.03,0.017,0.00012,0.053,0.15,0.005,350
455,RICE1,RICE-1 (Thin Cloud / Hazy Translucent Layer),100.0,0.7574,0.4186,0.6042,0.4229,0.7855,0.02,0.012,0.03,0.017,0.00012,0.053,0.15,0.005,350
456,RICE1,RICE-1 (Thin Cloud / Hazy Translucent Layer),100.0,0.7586,0.4075,0.6055,0.4239,0.7872,0.02,0.012,0.03,0.017,0.00012,0.053,0.15,0.005,350
457,RICE1,RICE-1 (Thin Cloud / Hazy Translucent Layer),100.0,0.7616,0.4028,0.6064,0.4245,0.7883,0.02,0.012,0.03,0.017,0.00012,0.0531,0.15,0.005,350
458,RICE1,RICE-1 (Thin Cloud / Hazy Translucent Layer),100.0,0.7575,0.4125,0.6049,0.4234,0.7864,0.02,0.012,0.03,0.017,0.00012,0.053,0.15,0.005,350
459,RICE1,RICE-1 (Thin Cloud / Hazy Translucent Layer),100.0,0.6714,0.5247,0.5807,0.4065,0.7549,0.02,0.012,0.03,0.017,0.00012,0.053,0.15,0.005,350
460,RICE1,RICE-1 (Thin Cloud / Hazy Translucent Layer),100.0,0.671,0.5134,0.5818,0.4073,0.7563,0.02,0.012,0.03,0.017,0.00012,0.0529,0.15,0.005,350
461,RICE1,RICE-1 (Thin Cloud / Hazy Translucent Layer),100.0,0.7097,0.4734,0.5916,0.4141,0.7691,0.02,0.012,0.03,0.017,0.00012,0.053,0.15,0.005,350
462,RICE1,RICE-1 (Thin Cloud / Hazy Translucent Layer),100.0,0.7171,0.4635,0.5937,0.4156,0.7718,0.02,0.012,0.03,0.017,0.00012,0.0531,0.15,0.005,350
463,RICE1,RICE-1 (Thin Cloud / Hazy Translucent Layer),100.0,0.7398,0.4381,0.5997,0.4198,0.7796,0.02,0.012,0.03,0.017,0.00012,0.053,0.15,0.005,350
464,RICE1,RICE-1 (Thin Cloud / Hazy Translucent Layer),100.0,0.7514,0.4204,0.6032,0.4222,0.7842,0.02,0.012,0.03,0.017,0.00012,0.053,0.15,0.005,350
465,RICE1,RICE-1 (Thin Cloud / Hazy Translucent Layer),100.0,0.7513,0.4173,0.6035,0.4224,0.7846,0.02,0.012,0.03,0.017,0.00012,0.0531,0.15,0.005,350
466,RICE1,RICE-1 (Thin Cloud / Hazy Translucent Layer),100.0,0.7564,0.4096,0.605,0.4235,0.7865,0.02,0.012,0.03,0.017,0.00012,0.0531,0.15,0.005,350
467,RICE1,RICE-1 (Thin Cloud / Hazy Translucent Layer),100.0,0.7533,0.4145,0.604,0.4228,0.7852,0.02,0.012,0.03,0.017,0.00012,0.0531,0.15,0.005,350
468,RICE1,RICE-1 (Thin Cloud / Hazy Translucent Layer),100.0,0.6811,0.5082,0.5838,0.4087,0.7589,0.02,0.012,0.03,0.017,0.00012,0.0529,0.15,0.005,350
469,RICE1,RICE-1 (Thin Cloud / Hazy Translucent Layer),100.0,0.6948,0.4823,0.5885,0.4119,0.7651,0.02,0.012,0.03,0.017,0.00012,0.0529,0.15,0.005,350
470,RICE1,RICE-1 (Thin Cloud / Hazy Translucent Layer),100.0,0.7299,0.4468,0.5973,0.4181,0.7765,0.02,0.012,0.03,0.017,0.00012,0.0529,0.15,0.005,350
471,RICE1,RICE-1 (Thin Cloud / Hazy Translucent Layer),100.0,0.7495,0.4327,0.6017,0.4212,0.7822,0.02,0.012,0.03,0.017,0.00012,0.0531,0.15,0.005,350
472,RICE1,RICE-1 (Thin Cloud / Hazy Translucent Layer),100.0,0.7601,0.4174,0.6048,0.4234,0.7862,0.02,0.012,0.03,0.017,0.00012,0.0531,0.15,0.005,350
473,RICE1,RICE-1 (Thin Cloud / Hazy Translucent Layer),100.0,0.756,0.4111,0.6048,0.4234,0.7862,0.02,0.012,0.03,0.017,0.00012,0.0531,0.15,0.005,350
474,RICE1,RICE-1 (Thin Cloud / Hazy Translucent Layer),100.0,0.7599,0.4083,0.6056,0.4239,0.7873,0.02,0.012,0.03,0.017,0.00012,0.0531,0.15,0.005,350
475,RICE1,RICE-1 (Thin Cloud / Hazy Translucent Layer),100.0,0.7592,0.4112,0.6053,0.4237,0.7869,0.02,0.012,0.03,0.017,0.00012,0.0531,0.15,0.005,350
476,RICE1,RICE-1 (Thin Cloud / Hazy Translucent Layer),100.0,0.7379,0.4342,0.5998,0.4199,0.7797,0.02,0.012,0.03,0.017,0.00012,0.0531,0.15,0.005,350
477,RICE1,RICE-1 (Thin Cloud / Hazy Translucent Layer),100.0,0.6956,0.4892,0.5879,0.4115,0.7643,0.02,0.012,0.03,0.017,0.00012,0.0529,0.15,0.005,350
478,RICE1,RICE-1 (Thin Cloud / Hazy Translucent Layer),100.0,0.6989,0.4707,0.5903,0.4132,0.7674,0.02,0.012,0.03,0.017,0.00012,0.0528,0.15,0.005,350
479,RICE1,RICE-1 (Thin Cloud / Hazy Translucent Layer),100.0,0.7176,0.455,0.5946,0.4162,0.773,0.02,0.012,0.03,0.017,0.00012,0.0529,0.15,0.005,350
480,RICE1,RICE-1 (Thin Cloud / Hazy Translucent Layer),100.0,0.7368,0.4381,0.5992,0.4194,0.779,0.02,0.012,0.03,0.017,0.00012,0.053,0.15,0.005,350
481,RICE1,RICE-1 (Thin Cloud / Hazy Translucent Layer),100.0,0.7497,0.4235,0.6026,0.4218,0.7834,0.02,0.012,0.03,0.017,0.00012,0.053,0.15,0.005,350
482,RICE1,RICE-1 (Thin Cloud / Hazy Translucent Layer),100.0,0.7429,0.422,0.6017,0.4212,0.7822,0.02,0.012,0.03,0.017,0.00012,0.053,0.15,0.005,350
483,RICE1,RICE-1 (Thin Cloud / Hazy Translucent Layer),100.0,0.7358,0.4313,0.5997,0.4198,0.7796,0.02,0.012,0.03,0.017,0.00012,0.053,0.15,0.005,350
484,RICE1,RICE-1 (Thin Cloud / Hazy Translucent Layer),100.0,0.7342,0.4375,0.5989,0.4192,0.7786,0.02,0.012,0.03,0.017,0.00012,0.053,0.15,0.005,350
485,RICE1,RICE-1 (Thin Cloud / Hazy Translucent Layer),100.0,0.7036,0.4731,0.5907,0.4135,0.7679,0.02,0.012,0.03,0.017,0.00012,0.053,0.15,0.005,350
486,RICE1,RICE-1 (Thin Cloud / Hazy Translucent Layer),86.45,0.531,0.6209,0.5501,0.3851,0.7151,0.02,0.012,0.03,0.0163,0.00012,0.0535,0.143,0.005,350
487,RICE1,RICE-1 (Thin Cloud / Hazy Translucent Layer),100.0,0.7199,0.4296,0.5975,0.4183,0.7768,0.02,0.012,0.03,0.017,0.00012,0.0532,0.15,0.005,350
488,RICE1,RICE-1 (Thin Cloud / Hazy Translucent Layer),32.62,0.4146,0.7228,0.5277,0.3694,0.686,0.02,0.012,0.03,0.0136,0.00012,0.0551,0.116,0.005,350
489,RICE1,RICE-1 (Thin Cloud / Hazy Translucent Layer),44.25,0.4333,0.7039,0.5296,0.3707,0.6885,0.02,0.012,0.03,0.0142,0.00012,0.0548,0.122,0.005,350
490,RICE1,RICE-1 (Thin Cloud / Hazy Translucent Layer),100.0,0.5579,0.5792,0.5583,0.3908,0.7258,0.02,0.012,0.03,0.017,0.00012,0.0536,0.15,0.005,350
491,RICE1,RICE-1 (Thin Cloud / Hazy Translucent Layer),100.0,0.62,0.5178,0.5737,0.4016,0.7458,0.02,0.012,0.03,0.017,0.00012,0.0535,0.15,0.005,350
492,RICE1,RICE-1 (Thin Cloud / Hazy Translucent Layer),100.0,0.7403,0.4226,0.6013,0.4209,0.7817,0.02,0.012,0.03,0.017,0.00012,0.0533,0.15,0.005,350
493,RICE1,RICE-1 (Thin Cloud / Hazy Translucent Layer),100.0,0.7212,0.4431,0.5964,0.4175,0.7753,0.02,0.012,0.03,0.017,0.00012,0.0533,0.15,0.005,350
494,RICE1,RICE-1 (Thin Cloud / Hazy Translucent Layer),52.33,0.4653,0.6809,0.5342,0.3739,0.6945,0.02,0.012,0.03,0.0146,0.00012,0.0537,0.126,0.005,350
495,RICE1,RICE-1 (Thin Cloud / Hazy Translucent Layer),58.04,0.4818,0.6713,0.5376,0.3763,0.6989,0.02,0.012,0.03,0.0149,0.00012,0.0536,0.129,0.005,350
496,RICE1,RICE-1 (Thin Cloud / Hazy Translucent Layer),100.0,0.6613,0.5272,0.579,0.4053,0.7527,0.02,0.012,0.03,0.017,0.00012,0.0529,0.15,0.005,350
497,RICE1,RICE-1 (Thin Cloud / Hazy Translucent Layer),100.0,0.6688,0.5199,0.5808,0.4066,0.755,0.02,0.012,0.03,0.017,0.00012,0.0529,0.15,0.005,350
498,RICE1,RICE-1 (Thin Cloud / Hazy Translucent Layer),0.03,0.3,0.8096,0.519,0.3633,0.6747,0.0308,0.0185,0.0462,0.012,0.00012,0.0512,0.1,0.005,350
499,RICE1,RICE-1 (Thin Cloud / Hazy Translucent Layer),0.01,0.3139,0.8146,0.5185,0.3629,0.674,0.0303,0.0182,0.0455,0.012,0.00012,0.0513,0.1,0.005,350
